Unit,-,-,-,yr,m2,m2,m2,m,m,kg,kg,kg,kg,kg/m2,EA = evergreen angiosperm;,FW = field wild;,"0 = supressed,",-,-,degree,degree,TropRF = Tropical rainforest;,m2/m2,mm,C,-
Description,First author and year of publication,Family,Latin name of species (genus species),"Age of plant expressed as decimal, e.g. 3 months = 0.25 years",Total leaf area,Individual leaf size (average area of individual leaves across entire plant),Area of total stem cross section at breast height ,"Total height of plant, from ground to highest leaf","Height of crown, from first branch bearing a live leaf to highest leaf, (Crown depth)",Total leaf mass,"Stem mass, mass of all stem tissue (= m.ss + m.sh + m.sb)",Bark mass,Branch mass,Leaf mass per area (average across entire plant or sample taken from top of plant; = m.lf/a.lf),Plant functional type,Growing environment of sampled plant,Position in forest canopy (wild grown plants only),"Note any information about light environment of sampled plant, we will determine appropriate categories once we see what information is available",Name of location where sampled,Latitude of location where sampled (-90 to 90 deg South to North),Longitude of location where sampled (-180 to 180 West to East),"Vegetation type where sampled, or where typically found for artifical plantings (plantations, glasshouse, common garden etc)",Leaf area of index of vegetation,Mean annual rainfall (wild grown plants only),Mean annual temperature,Full bibliographic reference of source publication
Alternative related variables,Name and year of collection for unpublished data,,,,Calculated using Total leaf mass and Leaf mass per area,,,,"Height to crown base, being the height of first branch bearing a live leaf",,,,,,,,,,,,,,,,,
Method,,,,"Age of plant expressed as decimal, e.g. 3 months = 0.25 years",Calculated using Total leaf mass and measured Leaf mass per area,,from circumference,"Total height of plant, from ground to highest leaf","Height to crown base, being the height of first  live leaf",Total leaf mass (dry mass),,,Branch mass,Leaf dry mass per area (average across entire plant),,,"Numbered from smaller to larger, corresponding to size class of the inventory","Numbered from smaller to larger, corresponding to size class of the inventory",Stand name,,,,LAI estimated from allometric relationships calibrated on the destructive data of this excel file (one relationship per date and per stand),estimated from a single meteorological station,estimated from a single meteorological station," Nouvellon, Y., Laclau, J-P., Epron, D., Kinana, A., Mabiala, A., Roupsard, O., Bonnefond, J-M., Le Maire, G., Marsden, C., Saint-Andr_, L., 2010. Within-stand and seasonal variations of specific leaf area in a clonal Eucalyptus plantation in the Republic of Congo. Forest Ecology and Management, 259: 1796_1807. "
Variable,contributor,family,species,age,a.lf,lf.sz,a.st,h.t,h.c,m.lf,m.st,m.sb,m.br,lf.ma,pft,growingCondition,status,light,location,latitude,longitude,vegetation,lai,map,mat,reference
Nouvellon et al. (2010),11-Oct-04,Myrtaceae,Eucalyptus urophylla * Eucalyptus grandis (clone),2.41,4.88,0.003283,0.002437,9.6,9.24,0.338,,,,0.069,EA,PM,0,0,Kissoko (Congo),-4.7914,11.9822,TropSF,1.8392,1200,25,"Nouvellon, Y., Laclau, J-P., Epron, D., Kinana, A., Mabiala, A., Roupsard, O., Bonnefond, J-M., Le Maire, G., Marsden, C., Saint-Andr_, L., 2010. Within-stand and seasonal variations of specific leaf area in a clonal Eucalyptus plantation in the Republic of Congo. Forest Ecology and Management, 259: 1796_1807. "
Nouvellon et al. (2010),11-Oct-04,Myrtaceae,Eucalyptus urophylla * Eucalyptus grandis (clone),2.41,10.928,0.00429,0.003922,11.34,4.08,1.017,,,,0.093,EA,PM,1,1,Kissoko (Congo),-4.7914,11.9822,TropSF,1.8392,1200,25,"Nouvellon, Y., Laclau, J-P., Epron, D., Kinana, A., Mabiala, A., Roupsard, O., Bonnefond, J-M., Le Maire, G., Marsden, C., Saint-Andr_, L., 2010. Within-stand and seasonal variations of specific leaf area in a clonal Eucalyptus plantation in the Republic of Congo. Forest Ecology and Management, 259: 1796_1807. "
Nouvellon et al. (2010),11-Oct-04,Myrtaceae,Eucalyptus urophylla * Eucalyptus grandis (clone),2.41,14.233,0.004734,0.005013,12.23,4.73,1.251,,,,0.088,EA,PM,2,2,Kissoko (Congo),-4.7914,11.9822,TropSF,1.8392,1200,25,"Nouvellon, Y., Laclau, J-P., Epron, D., Kinana, A., Mabiala, A., Roupsard, O., Bonnefond, J-M., Le Maire, G., Marsden, C., Saint-Andr_, L., 2010. Within-stand and seasonal variations of specific leaf area in a clonal Eucalyptus plantation in the Republic of Congo. Forest Ecology and Management, 259: 1796_1807. "
Nouvellon et al. (2010),11-Oct-04,Myrtaceae,Eucalyptus urophylla * Eucalyptus grandis (clone),2.41,14.89,0.00398,0.0066,14.56,4.63,1.302,,,,0.087,EA,PM,3,3,Kissoko (Congo),-4.7914,11.9822,TropSF,1.8392,1200,25,"Nouvellon, Y., Laclau, J-P., Epron, D., Kinana, A., Mabiala, A., Roupsard, O., Bonnefond, J-M., Le Maire, G., Marsden, C., Saint-Andr_, L., 2010. Within-stand and seasonal variations of specific leaf area in a clonal Eucalyptus plantation in the Republic of Congo. Forest Ecology and Management, 259: 1796_1807. "
Nouvellon et al. (2010),11-Oct-04,Myrtaceae,Eucalyptus urophylla * Eucalyptus grandis (clone),2.41,18.773,0.00402,0.007746,14.43,6.33,1.788,,,,0.095,EA,PM,4,4,Kissoko (Congo),-4.7914,11.9822,TropSF,1.8392,1200,25,"Nouvellon, Y., Laclau, J-P., Epron, D., Kinana, A., Mabiala, A., Roupsard, O., Bonnefond, J-M., Le Maire, G., Marsden, C., Saint-Andr_, L., 2010. Within-stand and seasonal variations of specific leaf area in a clonal Eucalyptus plantation in the Republic of Congo. Forest Ecology and Management, 259: 1796_1807. "
Nouvellon et al. (2010),11-Oct-04,Myrtaceae,Eucalyptus urophylla * Eucalyptus grandis (clone),2.41,26.887,0.004083,0.009637,15.05,5.75,2.627,,,,0.098,EA,PM,5,5,Kissoko (Congo),-4.7914,11.9822,TropSF,1.8392,1200,25,"Nouvellon, Y., Laclau, J-P., Epron, D., Kinana, A., Mabiala, A., Roupsard, O., Bonnefond, J-M., Le Maire, G., Marsden, C., Saint-Andr_, L., 2010. Within-stand and seasonal variations of specific leaf area in a clonal Eucalyptus plantation in the Republic of Congo. Forest Ecology and Management, 259: 1796_1807. "
Nouvellon et al. (2010),11-Oct-04,Myrtaceae,Eucalyptus urophylla * Eucalyptus grandis (clone),2.41,29.797,0.003742,0.010428,15.02,7.44,3.039,,,,0.102,EA,PM,6,6,Kissoko (Congo),-4.7914,11.9822,TropSF,1.8392,1200,25,"Nouvellon, Y., Laclau, J-P., Epron, D., Kinana, A., Mabiala, A., Roupsard, O., Bonnefond, J-M., Le Maire, G., Marsden, C., Saint-Andr_, L., 2010. Within-stand and seasonal variations of specific leaf area in a clonal Eucalyptus plantation in the Republic of Congo. Forest Ecology and Management, 259: 1796_1807. "
Nouvellon et al. (2010),11-Oct-04,Myrtaceae,Eucalyptus urophylla * Eucalyptus grandis (clone),2.41,39.754,0.00427,0.014037,16.5,7.63,3.9,,,,0.098,EA,PM,7,7,Kissoko (Congo),-4.7914,11.9822,TropSF,1.8392,1200,25,"Nouvellon, Y., Laclau, J-P., Epron, D., Kinana, A., Mabiala, A., Roupsard, O., Bonnefond, J-M., Le Maire, G., Marsden, C., Saint-Andr_, L., 2010. Within-stand and seasonal variations of specific leaf area in a clonal Eucalyptus plantation in the Republic of Congo. Forest Ecology and Management, 259: 1796_1807. "
Nouvellon et al. (2010),11-Oct-04,Myrtaceae,Eucalyptus urophylla * Eucalyptus grandis (clone),2.41,41.958,0.004261,0.015406,15.72,8.33,4.344,,,,0.104,EA,PM,8,8,Kissoko (Congo),-4.7914,11.9822,TropSF,1.8392,1200,25,"Nouvellon, Y., Laclau, J-P., Epron, D., Kinana, A., Mabiala, A., Roupsard, O., Bonnefond, J-M., Le Maire, G., Marsden, C., Saint-Andr_, L., 2010. Within-stand and seasonal variations of specific leaf area in a clonal Eucalyptus plantation in the Republic of Congo. Forest Ecology and Management, 259: 1796_1807. "
Nouvellon et al. (2010),5-Jan-05,Myrtaceae,Eucalyptus urophylla * Eucalyptus grandis (clone),2.64,5.563,0.003055,0.002578,10.71,3.8,0.366,,,,0.066,EA,PM,0,0,Kissoko (Congo),-4.7914,11.9822,TropSF,2.031,1200,25,"Nouvellon, Y., Laclau, J-P., Epron, D., Kinana, A., Mabiala, A., Roupsard, O., Bonnefond, J-M., Le Maire, G., Marsden, C., Saint-Andr_, L., 2010. Within-stand and seasonal variations of specific leaf area in a clonal Eucalyptus plantation in the Republic of Congo. Forest Ecology and Management, 259: 1796_1807. "
Nouvellon et al. (2010),5-Jan-05,Myrtaceae,Eucalyptus urophylla * Eucalyptus grandis (clone),2.64,9.265,0.003368,0.004395,14,3.41,0.642,,,,0.069,EA,PM,1,1,Kissoko (Congo),-4.7914,11.9822,TropSF,2.031,1200,25,"Nouvellon, Y., Laclau, J-P., Epron, D., Kinana, A., Mabiala, A., Roupsard, O., Bonnefond, J-M., Le Maire, G., Marsden, C., Saint-Andr_, L., 2010. Within-stand and seasonal variations of specific leaf area in a clonal Eucalyptus plantation in the Republic of Congo. Forest Ecology and Management, 259: 1796_1807. "
Nouvellon et al. (2010),5-Jan-05,Myrtaceae,Eucalyptus urophylla * Eucalyptus grandis (clone),2.64,4.419,0.003533,0.005134,13.75,13.35,0.328,,,,0.074,EA,PM,2,2,Kissoko (Congo),-4.7914,11.9822,TropSF,2.031,1200,25,"Nouvellon, Y., Laclau, J-P., Epron, D., Kinana, A., Mabiala, A., Roupsard, O., Bonnefond, J-M., Le Maire, G., Marsden, C., Saint-Andr_, L., 2010. Within-stand and seasonal variations of specific leaf area in a clonal Eucalyptus plantation in the Republic of Congo. Forest Ecology and Management, 259: 1796_1807. "
Nouvellon et al. (2010),5-Jan-05,Myrtaceae,Eucalyptus urophylla * Eucalyptus grandis (clone),2.64,21.956,0.004123,0.007067,14.75,6.05,1.665,,,,0.076,EA,PM,3,3,Kissoko (Congo),-4.7914,11.9822,TropSF,2.031,1200,25,"Nouvellon, Y., Laclau, J-P., Epron, D., Kinana, A., Mabiala, A., Roupsard, O., Bonnefond, J-M., Le Maire, G., Marsden, C., Saint-Andr_, L., 2010. Within-stand and seasonal variations of specific leaf area in a clonal Eucalyptus plantation in the Republic of Congo. Forest Ecology and Management, 259: 1796_1807. "
Nouvellon et al. (2010),5-Jan-05,Myrtaceae,Eucalyptus urophylla * Eucalyptus grandis (clone),2.64,23.229,0.0039,0.008614,14,6.5,1.885,,,,0.081,EA,PM,4,4,Kissoko (Congo),-4.7914,11.9822,TropSF,2.031,1200,25,"Nouvellon, Y., Laclau, J-P., Epron, D., Kinana, A., Mabiala, A., Roupsard, O., Bonnefond, J-M., Le Maire, G., Marsden, C., Saint-Andr_, L., 2010. Within-stand and seasonal variations of specific leaf area in a clonal Eucalyptus plantation in the Republic of Congo. Forest Ecology and Management, 259: 1796_1807. "
Nouvellon et al. (2010),5-Jan-05,Myrtaceae,Eucalyptus urophylla * Eucalyptus grandis (clone),2.64,26.519,0.003584,0.009748,16.55,6.17,2.009,,,,0.076,EA,PM,5,5,Kissoko (Congo),-4.7914,11.9822,TropSF,2.031,1200,25,"Nouvellon, Y., Laclau, J-P., Epron, D., Kinana, A., Mabiala, A., Roupsard, O., Bonnefond, J-M., Le Maire, G., Marsden, C., Saint-Andr_, L., 2010. Within-stand and seasonal variations of specific leaf area in a clonal Eucalyptus plantation in the Republic of Congo. Forest Ecology and Management, 259: 1796_1807. "
Nouvellon et al. (2010),5-Jan-05,Myrtaceae,Eucalyptus urophylla * Eucalyptus grandis (clone),2.64,29.348,0.003785,0.011131,16.43,5.83,2.498,,,,0.085,EA,PM,6,6,Kissoko (Congo),-4.7914,11.9822,TropSF,2.031,1200,25,"Nouvellon, Y., Laclau, J-P., Epron, D., Kinana, A., Mabiala, A., Roupsard, O., Bonnefond, J-M., Le Maire, G., Marsden, C., Saint-Andr_, L., 2010. Within-stand and seasonal variations of specific leaf area in a clonal Eucalyptus plantation in the Republic of Congo. Forest Ecology and Management, 259: 1796_1807. "
Nouvellon et al. (2010),5-Jan-05,Myrtaceae,Eucalyptus urophylla * Eucalyptus grandis (clone),2.64,38.739,0.003583,0.012796,16.3,7.97,2.97,,,,0.077,EA,PM,7,7,Kissoko (Congo),-4.7914,11.9822,TropSF,2.031,1200,25,"Nouvellon, Y., Laclau, J-P., Epron, D., Kinana, A., Mabiala, A., Roupsard, O., Bonnefond, J-M., Le Maire, G., Marsden, C., Saint-Andr_, L., 2010. Within-stand and seasonal variations of specific leaf area in a clonal Eucalyptus plantation in the Republic of Congo. Forest Ecology and Management, 259: 1796_1807. "
Nouvellon et al. (2010),5-Jan-05,Myrtaceae,Eucalyptus urophylla * Eucalyptus grandis (clone),2.64,44.392,0.003687,0.014104,16.5,7.5,3.709,,,,0.084,EA,PM,8,8,Kissoko (Congo),-4.7914,11.9822,TropSF,2.031,1200,25,"Nouvellon, Y., Laclau, J-P., Epron, D., Kinana, A., Mabiala, A., Roupsard, O., Bonnefond, J-M., Le Maire, G., Marsden, C., Saint-Andr_, L., 2010. Within-stand and seasonal variations of specific leaf area in a clonal Eucalyptus plantation in the Republic of Congo. Forest Ecology and Management, 259: 1796_1807. "
Nouvellon et al. (2010),5-Jan-05,Myrtaceae,Eucalyptus urophylla * Eucalyptus grandis (clone),2.64,44.022,0.00384,0.015547,16.55,7.89,3.8,,,,0.086,EA,PM,9,9,Kissoko (Congo),-4.7914,11.9822,TropSF,2.031,1200,25,"Nouvellon, Y., Laclau, J-P., Epron, D., Kinana, A., Mabiala, A., Roupsard, O., Bonnefond, J-M., Le Maire, G., Marsden, C., Saint-Andr_, L., 2010. Within-stand and seasonal variations of specific leaf area in a clonal Eucalyptus plantation in the Republic of Congo. Forest Ecology and Management, 259: 1796_1807. "
Nouvellon et al. (2010),23-Mar-05,Myrtaceae,Eucalyptus urophylla * Eucalyptus grandis (clone),2.86,4.515,0.003539,0.002665,11.3,8.52,0.335,,,,0.074,EA,PM,0,0,Kissoko (Congo),-4.7914,11.9822,TropSF,2.5718,1200,25,"Nouvellon, Y., Laclau, J-P., Epron, D., Kinana, A., Mabiala, A., Roupsard, O., Bonnefond, J-M., Le Maire, G., Marsden, C., Saint-Andr_, L., 2010. Within-stand and seasonal variations of specific leaf area in a clonal Eucalyptus plantation in the Republic of Congo. Forest Ecology and Management, 259: 1796_1807. "
Nouvellon et al. (2010),23-Mar-05,Myrtaceae,Eucalyptus urophylla * Eucalyptus grandis (clone),2.86,9.289,0.003399,0.004855,13.45,7.35,0.744,,,,0.08,EA,PM,1,1,Kissoko (Congo),-4.7914,11.9822,TropSF,2.5718,1200,25,"Nouvellon, Y., Laclau, J-P., Epron, D., Kinana, A., Mabiala, A., Roupsard, O., Bonnefond, J-M., Le Maire, G., Marsden, C., Saint-Andr_, L., 2010. Within-stand and seasonal variations of specific leaf area in a clonal Eucalyptus plantation in the Republic of Congo. Forest Ecology and Management, 259: 1796_1807. "
Nouvellon et al. (2010),23-Mar-05,Myrtaceae,Eucalyptus urophylla * Eucalyptus grandis (clone),2.86,19.87,0.003972,0.007451,15.65,8.85,1.66,,,,0.084,EA,PM,2,2,Kissoko (Congo),-4.7914,11.9822,TropSF,2.5718,1200,25,"Nouvellon, Y., Laclau, J-P., Epron, D., Kinana, A., Mabiala, A., Roupsard, O., Bonnefond, J-M., Le Maire, G., Marsden, C., Saint-Andr_, L., 2010. Within-stand and seasonal variations of specific leaf area in a clonal Eucalyptus plantation in the Republic of Congo. Forest Ecology and Management, 259: 1796_1807. "
Nouvellon et al. (2010),23-Mar-05,Myrtaceae,Eucalyptus urophylla * Eucalyptus grandis (clone),2.86,25.086,0.003819,0.008302,15.14,7.69,2.256,,,,0.09,EA,PM,3,3,Kissoko (Congo),-4.7914,11.9822,TropSF,2.5718,1200,25,"Nouvellon, Y., Laclau, J-P., Epron, D., Kinana, A., Mabiala, A., Roupsard, O., Bonnefond, J-M., Le Maire, G., Marsden, C., Saint-Andr_, L., 2010. Within-stand and seasonal variations of specific leaf area in a clonal Eucalyptus plantation in the Republic of Congo. Forest Ecology and Management, 259: 1796_1807. "
Nouvellon et al. (2010),23-Mar-05,Myrtaceae,Eucalyptus urophylla * Eucalyptus grandis (clone),2.86,27.71,0.003683,0.009199,15.75,7.9,2.442,,,,0.088,EA,PM,4,4,Kissoko (Congo),-4.7914,11.9822,TropSF,2.5718,1200,25,"Nouvellon, Y., Laclau, J-P., Epron, D., Kinana, A., Mabiala, A., Roupsard, O., Bonnefond, J-M., Le Maire, G., Marsden, C., Saint-Andr_, L., 2010. Within-stand and seasonal variations of specific leaf area in a clonal Eucalyptus plantation in the Republic of Congo. Forest Ecology and Management, 259: 1796_1807. "
Nouvellon et al. (2010),23-Mar-05,Myrtaceae,Eucalyptus urophylla * Eucalyptus grandis (clone),2.86,41.037,0.003964,0.01125,15.9,8.25,3.507,,,,0.085,EA,PM,5,5,Kissoko (Congo),-4.7914,11.9822,TropSF,2.5718,1200,25,"Nouvellon, Y., Laclau, J-P., Epron, D., Kinana, A., Mabiala, A., Roupsard, O., Bonnefond, J-M., Le Maire, G., Marsden, C., Saint-Andr_, L., 2010. Within-stand and seasonal variations of specific leaf area in a clonal Eucalyptus plantation in the Republic of Congo. Forest Ecology and Management, 259: 1796_1807. "
Nouvellon et al. (2010),23-Mar-05,Myrtaceae,Eucalyptus urophylla * Eucalyptus grandis (clone),2.86,37.34,0.003687,0.012228,16.75,9.7,3.338,,,,0.089,EA,PM,6,6,Kissoko (Congo),-4.7914,11.9822,TropSF,2.5718,1200,25,"Nouvellon, Y., Laclau, J-P., Epron, D., Kinana, A., Mabiala, A., Roupsard, O., Bonnefond, J-M., Le Maire, G., Marsden, C., Saint-Andr_, L., 2010. Within-stand and seasonal variations of specific leaf area in a clonal Eucalyptus plantation in the Republic of Congo. Forest Ecology and Management, 259: 1796_1807. "
Nouvellon et al. (2010),23-Mar-05,Myrtaceae,Eucalyptus urophylla * Eucalyptus grandis (clone),2.86,39.293,0.003596,0.013182,17.9,9,3.216,,,,0.082,EA,PM,7,7,Kissoko (Congo),-4.7914,11.9822,TropSF,2.5718,1200,25,"Nouvellon, Y., Laclau, J-P., Epron, D., Kinana, A., Mabiala, A., Roupsard, O., Bonnefond, J-M., Le Maire, G., Marsden, C., Saint-Andr_, L., 2010. Within-stand and seasonal variations of specific leaf area in a clonal Eucalyptus plantation in the Republic of Congo. Forest Ecology and Management, 259: 1796_1807. "
Nouvellon et al. (2010),23-Mar-05,Myrtaceae,Eucalyptus urophylla * Eucalyptus grandis (clone),2.86,48.743,0.003786,0.015197,16.95,8.75,4.361,,,,0.089,EA,PM,8,8,Kissoko (Congo),-4.7914,11.9822,TropSF,2.5718,1200,25,"Nouvellon, Y., Laclau, J-P., Epron, D., Kinana, A., Mabiala, A., Roupsard, O., Bonnefond, J-M., Le Maire, G., Marsden, C., Saint-Andr_, L., 2010. Within-stand and seasonal variations of specific leaf area in a clonal Eucalyptus plantation in the Republic of Congo. Forest Ecology and Management, 259: 1796_1807. "
Nouvellon et al. (2010),23-Mar-05,Myrtaceae,Eucalyptus urophylla * Eucalyptus grandis (clone),2.86,60.024,0.004036,0.018565,17.4,6.4,5.249,,,,0.087,EA,PM,9,9,Kissoko (Congo),-4.7914,11.9822,TropSF,2.5718,1200,25,"Nouvellon, Y., Laclau, J-P., Epron, D., Kinana, A., Mabiala, A., Roupsard, O., Bonnefond, J-M., Le Maire, G., Marsden, C., Saint-Andr_, L., 2010. Within-stand and seasonal variations of specific leaf area in a clonal Eucalyptus plantation in the Republic of Congo. Forest Ecology and Management, 259: 1796_1807. "
Nouvellon et al. (2010),26-May-05,Myrtaceae,Eucalyptus urophylla * Eucalyptus grandis (clone),3.03,4.875,0.003344,0.002934,12.1,7.8,0.335,,,,0.069,EA,PM,0,0,Kissoko (Congo),-4.7914,11.9822,TropSF,2.4791,1200,25,"Nouvellon, Y., Laclau, J-P., Epron, D., Kinana, A., Mabiala, A., Roupsard, O., Bonnefond, J-M., Le Maire, G., Marsden, C., Saint-Andr_, L., 2010. Within-stand and seasonal variations of specific leaf area in a clonal Eucalyptus plantation in the Republic of Congo. Forest Ecology and Management, 259: 1796_1807. "
Nouvellon et al. (2010),26-May-05,Myrtaceae,Eucalyptus urophylla * Eucalyptus grandis (clone),3.03,10.341,0.003952,0.004283,13.05,6.8,0.775,,,,0.075,EA,PM,1,1,Kissoko (Congo),-4.7914,11.9822,TropSF,2.4791,1200,25,"Nouvellon, Y., Laclau, J-P., Epron, D., Kinana, A., Mabiala, A., Roupsard, O., Bonnefond, J-M., Le Maire, G., Marsden, C., Saint-Andr_, L., 2010. Within-stand and seasonal variations of specific leaf area in a clonal Eucalyptus plantation in the Republic of Congo. Forest Ecology and Management, 259: 1796_1807. "
Nouvellon et al. (2010),26-May-05,Myrtaceae,Eucalyptus urophylla * Eucalyptus grandis (clone),3.03,15.379,0.003524,0.006062,14.45,7,1.178,,,,0.077,EA,PM,2,2,Kissoko (Congo),-4.7914,11.9822,TropSF,2.4791,1200,25,"Nouvellon, Y., Laclau, J-P., Epron, D., Kinana, A., Mabiala, A., Roupsard, O., Bonnefond, J-M., Le Maire, G., Marsden, C., Saint-Andr_, L., 2010. Within-stand and seasonal variations of specific leaf area in a clonal Eucalyptus plantation in the Republic of Congo. Forest Ecology and Management, 259: 1796_1807. "
Nouvellon et al. (2010),26-May-05,Myrtaceae,Eucalyptus urophylla * Eucalyptus grandis (clone),3.03,17.05,0.00349,0.007258,16.4,11.1,1.338,,,,0.078,EA,PM,3,3,Kissoko (Congo),-4.7914,11.9822,TropSF,2.4791,1200,25,"Nouvellon, Y., Laclau, J-P., Epron, D., Kinana, A., Mabiala, A., Roupsard, O., Bonnefond, J-M., Le Maire, G., Marsden, C., Saint-Andr_, L., 2010. Within-stand and seasonal variations of specific leaf area in a clonal Eucalyptus plantation in the Republic of Congo. Forest Ecology and Management, 259: 1796_1807. "
Nouvellon et al. (2010),26-May-05,Myrtaceae,Eucalyptus urophylla * Eucalyptus grandis (clone),3.03,21.159,0.003516,0.008931,16.7,10.65,1.679,,,,0.079,EA,PM,4,4,Kissoko (Congo),-4.7914,11.9822,TropSF,2.4791,1200,25,"Nouvellon, Y., Laclau, J-P., Epron, D., Kinana, A., Mabiala, A., Roupsard, O., Bonnefond, J-M., Le Maire, G., Marsden, C., Saint-Andr_, L., 2010. Within-stand and seasonal variations of specific leaf area in a clonal Eucalyptus plantation in the Republic of Congo. Forest Ecology and Management, 259: 1796_1807. "
Nouvellon et al. (2010),26-May-05,Myrtaceae,Eucalyptus urophylla * Eucalyptus grandis (clone),3.03,27.086,0.003784,0.01066,17.6,8.85,2.308,,,,0.085,EA,PM,5,5,Kissoko (Congo),-4.7914,11.9822,TropSF,2.4791,1200,25,"Nouvellon, Y., Laclau, J-P., Epron, D., Kinana, A., Mabiala, A., Roupsard, O., Bonnefond, J-M., Le Maire, G., Marsden, C., Saint-Andr_, L., 2010. Within-stand and seasonal variations of specific leaf area in a clonal Eucalyptus plantation in the Republic of Congo. Forest Ecology and Management, 259: 1796_1807. "
Nouvellon et al. (2010),26-May-05,Myrtaceae,Eucalyptus urophylla * Eucalyptus grandis (clone),3.03,36.324,0.003933,0.012988,18,8.65,3.357,,,,0.092,EA,PM,6,6,Kissoko (Congo),-4.7914,11.9822,TropSF,2.4791,1200,25,"Nouvellon, Y., Laclau, J-P., Epron, D., Kinana, A., Mabiala, A., Roupsard, O., Bonnefond, J-M., Le Maire, G., Marsden, C., Saint-Andr_, L., 2010. Within-stand and seasonal variations of specific leaf area in a clonal Eucalyptus plantation in the Republic of Congo. Forest Ecology and Management, 259: 1796_1807. "
Nouvellon et al. (2010),26-May-05,Myrtaceae,Eucalyptus urophylla * Eucalyptus grandis (clone),3.03,39.886,0.00397,0.014171,18,10,3.676,,,,0.092,EA,PM,7,7,Kissoko (Congo),-4.7914,11.9822,TropSF,2.4791,1200,25,"Nouvellon, Y., Laclau, J-P., Epron, D., Kinana, A., Mabiala, A., Roupsard, O., Bonnefond, J-M., Le Maire, G., Marsden, C., Saint-Andr_, L., 2010. Within-stand and seasonal variations of specific leaf area in a clonal Eucalyptus plantation in the Republic of Congo. Forest Ecology and Management, 259: 1796_1807. "
Nouvellon et al. (2010),26-May-05,Myrtaceae,Eucalyptus urophylla * Eucalyptus grandis (clone),3.03,50.06,0.00402,0.016765,18.4,8,4.557,,,,0.091,EA,PM,8,8,Kissoko (Congo),-4.7914,11.9822,TropSF,2.4791,1200,25,"Nouvellon, Y., Laclau, J-P., Epron, D., Kinana, A., Mabiala, A., Roupsard, O., Bonnefond, J-M., Le Maire, G., Marsden, C., Saint-Andr_, L., 2010. Within-stand and seasonal variations of specific leaf area in a clonal Eucalyptus plantation in the Republic of Congo. Forest Ecology and Management, 259: 1796_1807. "
Nouvellon et al. (2010),26-May-05,Myrtaceae,Eucalyptus urophylla * Eucalyptus grandis (clone),3.03,54.852,0.004058,0.019656,18.4,8.95,5.113,,,,0.093,EA,PM,9,9,Kissoko (Congo),-4.7914,11.9822,TropSF,2.4791,1200,25,"Nouvellon, Y., Laclau, J-P., Epron, D., Kinana, A., Mabiala, A., Roupsard, O., Bonnefond, J-M., Le Maire, G., Marsden, C., Saint-Andr_, L., 2010. Within-stand and seasonal variations of specific leaf area in a clonal Eucalyptus plantation in the Republic of Congo. Forest Ecology and Management, 259: 1796_1807. "
Nouvellon et al. (2010),27-Jul-05,Myrtaceae,Eucalyptus urophylla * Eucalyptus grandis (clone),3.2,7.756,0.00391,0.002724,11.25,7.65,0.542,,,,0.07,EA,PM,0,0,Kissoko (Congo),-4.7914,11.9822,TropSF,2.3473,1200,25,"Nouvellon, Y., Laclau, J-P., Epron, D., Kinana, A., Mabiala, A., Roupsard, O., Bonnefond, J-M., Le Maire, G., Marsden, C., Saint-Andr_, L., 2010. Within-stand and seasonal variations of specific leaf area in a clonal Eucalyptus plantation in the Republic of Congo. Forest Ecology and Management, 259: 1796_1807. "
Nouvellon et al. (2010),27-Jul-05,Myrtaceae,Eucalyptus urophylla * Eucalyptus grandis (clone),3.2,8.955,0.003937,0.004738,15.2,10.65,0.669,,,,0.075,EA,PM,1,1,Kissoko (Congo),-4.7914,11.9822,TropSF,2.3473,1200,25,"Nouvellon, Y., Laclau, J-P., Epron, D., Kinana, A., Mabiala, A., Roupsard, O., Bonnefond, J-M., Le Maire, G., Marsden, C., Saint-Andr_, L., 2010. Within-stand and seasonal variations of specific leaf area in a clonal Eucalyptus plantation in the Republic of Congo. Forest Ecology and Management, 259: 1796_1807. "
Nouvellon et al. (2010),27-Jul-05,Myrtaceae,Eucalyptus urophylla * Eucalyptus grandis (clone),3.2,16.396,0.003753,0.007067,16.05,5.78,1.368,,,,0.083,EA,PM,2,2,Kissoko (Congo),-4.7914,11.9822,TropSF,2.3473,1200,25,"Nouvellon, Y., Laclau, J-P., Epron, D., Kinana, A., Mabiala, A., Roupsard, O., Bonnefond, J-M., Le Maire, G., Marsden, C., Saint-Andr_, L., 2010. Within-stand and seasonal variations of specific leaf area in a clonal Eucalyptus plantation in the Republic of Congo. Forest Ecology and Management, 259: 1796_1807. "
Nouvellon et al. (2010),27-Jul-05,Myrtaceae,Eucalyptus urophylla * Eucalyptus grandis (clone),3.2,25.391,0.003675,0.009091,16.25,11.1,2.124,,,,0.084,EA,PM,3,3,Kissoko (Congo),-4.7914,11.9822,TropSF,2.3473,1200,25,"Nouvellon, Y., Laclau, J-P., Epron, D., Kinana, A., Mabiala, A., Roupsard, O., Bonnefond, J-M., Le Maire, G., Marsden, C., Saint-Andr_, L., 2010. Within-stand and seasonal variations of specific leaf area in a clonal Eucalyptus plantation in the Republic of Congo. Forest Ecology and Management, 259: 1796_1807. "
Nouvellon et al. (2010),27-Jul-05,Myrtaceae,Eucalyptus urophylla * Eucalyptus grandis (clone),3.2,29.829,0.003885,0.011072,17.5,9.7,2.666,,,,0.089,EA,PM,4,4,Kissoko (Congo),-4.7914,11.9822,TropSF,2.3473,1200,25,"Nouvellon, Y., Laclau, J-P., Epron, D., Kinana, A., Mabiala, A., Roupsard, O., Bonnefond, J-M., Le Maire, G., Marsden, C., Saint-Andr_, L., 2010. Within-stand and seasonal variations of specific leaf area in a clonal Eucalyptus plantation in the Republic of Congo. Forest Ecology and Management, 259: 1796_1807. "
Nouvellon et al. (2010),27-Jul-05,Myrtaceae,Eucalyptus urophylla * Eucalyptus grandis (clone),3.2,35.384,0.003819,0.013312,17.4,9.14,3.137,,,,0.089,EA,PM,5,5,Kissoko (Congo),-4.7914,11.9822,TropSF,2.3473,1200,25,"Nouvellon, Y., Laclau, J-P., Epron, D., Kinana, A., Mabiala, A., Roupsard, O., Bonnefond, J-M., Le Maire, G., Marsden, C., Saint-Andr_, L., 2010. Within-stand and seasonal variations of specific leaf area in a clonal Eucalyptus plantation in the Republic of Congo. Forest Ecology and Management, 259: 1796_1807. "
Nouvellon et al. (2010),27-Jul-05,Myrtaceae,Eucalyptus urophylla * Eucalyptus grandis (clone),3.2,39.805,0.004078,0.015336,17.5,10.2,3.715,,,,0.093,EA,PM,6,6,Kissoko (Congo),-4.7914,11.9822,TropSF,2.3473,1200,25,"Nouvellon, Y., Laclau, J-P., Epron, D., Kinana, A., Mabiala, A., Roupsard, O., Bonnefond, J-M., Le Maire, G., Marsden, C., Saint-Andr_, L., 2010. Within-stand and seasonal variations of specific leaf area in a clonal Eucalyptus plantation in the Republic of Congo. Forest Ecology and Management, 259: 1796_1807. "
Nouvellon et al. (2010),27-Jul-05,Myrtaceae,Eucalyptus urophylla * Eucalyptus grandis (clone),3.2,41.016,0.003889,0.01633,19,9.6,3.791,,,,0.092,EA,PM,7,7,Kissoko (Congo),-4.7914,11.9822,TropSF,2.3473,1200,25,"Nouvellon, Y., Laclau, J-P., Epron, D., Kinana, A., Mabiala, A., Roupsard, O., Bonnefond, J-M., Le Maire, G., Marsden, C., Saint-Andr_, L., 2010. Within-stand and seasonal variations of specific leaf area in a clonal Eucalyptus plantation in the Republic of Congo. Forest Ecology and Management, 259: 1796_1807. "
Nouvellon et al. (2010),27-Jul-05,Myrtaceae,Eucalyptus urophylla * Eucalyptus grandis (clone),3.2,39.144,0.003694,0.017879,19.1,9.5,3.531,,,,0.09,EA,PM,8,8,Kissoko (Congo),-4.7914,11.9822,TropSF,2.3473,1200,25,"Nouvellon, Y., Laclau, J-P., Epron, D., Kinana, A., Mabiala, A., Roupsard, O., Bonnefond, J-M., Le Maire, G., Marsden, C., Saint-Andr_, L., 2010. Within-stand and seasonal variations of specific leaf area in a clonal Eucalyptus plantation in the Republic of Congo. Forest Ecology and Management, 259: 1796_1807. "
Nouvellon et al. (2010),27-Jul-05,Myrtaceae,Eucalyptus urophylla * Eucalyptus grandis (clone),3.2,49.964,0.00374,0.020779,19.1,9.1,4.644,,,,0.093,EA,PM,9,9,Kissoko (Congo),-4.7914,11.9822,TropSF,2.3473,1200,25,"Nouvellon, Y., Laclau, J-P., Epron, D., Kinana, A., Mabiala, A., Roupsard, O., Bonnefond, J-M., Le Maire, G., Marsden, C., Saint-Andr_, L., 2010. Within-stand and seasonal variations of specific leaf area in a clonal Eucalyptus plantation in the Republic of Congo. Forest Ecology and Management, 259: 1796_1807. "
Nouvellon et al. (2010),3-Oct-05,Myrtaceae,Eucalyptus urophylla * Eucalyptus grandis (clone),3.39,6.518,0.004179,0.002964,11.4,7.4,0.588,,,,0.09,EA,PM,0,0,Kissoko (Congo),-4.7914,11.9822,TropSF,2.2136,1200,25,"Nouvellon, Y., Laclau, J-P., Epron, D., Kinana, A., Mabiala, A., Roupsard, O., Bonnefond, J-M., Le Maire, G., Marsden, C., Saint-Andr_, L., 2010. Within-stand and seasonal variations of specific leaf area in a clonal Eucalyptus plantation in the Republic of Congo. Forest Ecology and Management, 259: 1796_1807. "
Nouvellon et al. (2010),3-Oct-05,Myrtaceae,Eucalyptus urophylla * Eucalyptus grandis (clone),3.39,10.836,0.004311,0.005379,13.75,6.4,1.054,,,,0.097,EA,PM,1,1,Kissoko (Congo),-4.7914,11.9822,TropSF,2.2136,1200,25,"Nouvellon, Y., Laclau, J-P., Epron, D., Kinana, A., Mabiala, A., Roupsard, O., Bonnefond, J-M., Le Maire, G., Marsden, C., Saint-Andr_, L., 2010. Within-stand and seasonal variations of specific leaf area in a clonal Eucalyptus plantation in the Republic of Congo. Forest Ecology and Management, 259: 1796_1807. "
Nouvellon et al. (2010),3-Oct-05,Myrtaceae,Eucalyptus urophylla * Eucalyptus grandis (clone),3.39,19.431,0.004086,0.007846,15.1,6.85,1.815,,,,0.093,EA,PM,2,2,Kissoko (Congo),-4.7914,11.9822,TropSF,2.2136,1200,25,"Nouvellon, Y., Laclau, J-P., Epron, D., Kinana, A., Mabiala, A., Roupsard, O., Bonnefond, J-M., Le Maire, G., Marsden, C., Saint-Andr_, L., 2010. Within-stand and seasonal variations of specific leaf area in a clonal Eucalyptus plantation in the Republic of Congo. Forest Ecology and Management, 259: 1796_1807. "
Nouvellon et al. (2010),3-Oct-05,Myrtaceae,Eucalyptus urophylla * Eucalyptus grandis (clone),3.39,22.559,0.004127,0.009362,16.85,11.05,2.096,,,,0.093,EA,PM,3,3,Kissoko (Congo),-4.7914,11.9822,TropSF,2.2136,1200,25,"Nouvellon, Y., Laclau, J-P., Epron, D., Kinana, A., Mabiala, A., Roupsard, O., Bonnefond, J-M., Le Maire, G., Marsden, C., Saint-Andr_, L., 2010. Within-stand and seasonal variations of specific leaf area in a clonal Eucalyptus plantation in the Republic of Congo. Forest Ecology and Management, 259: 1796_1807. "
Nouvellon et al. (2010),3-Oct-05,Myrtaceae,Eucalyptus urophylla * Eucalyptus grandis (clone),3.39,24.53,0.004286,0.011552,18.25,12.75,2.347,,,,0.096,EA,PM,4,4,Kissoko (Congo),-4.7914,11.9822,TropSF,2.2136,1200,25,"Nouvellon, Y., Laclau, J-P., Epron, D., Kinana, A., Mabiala, A., Roupsard, O., Bonnefond, J-M., Le Maire, G., Marsden, C., Saint-Andr_, L., 2010. Within-stand and seasonal variations of specific leaf area in a clonal Eucalyptus plantation in the Republic of Congo. Forest Ecology and Management, 259: 1796_1807. "
Nouvellon et al. (2010),3-Oct-05,Myrtaceae,Eucalyptus urophylla * Eucalyptus grandis (clone),3.39,29.845,0.004426,0.013971,19.1,12.55,3.086,,,,0.103,EA,PM,5,5,Kissoko (Congo),-4.7914,11.9822,TropSF,2.2136,1200,25,"Nouvellon, Y., Laclau, J-P., Epron, D., Kinana, A., Mabiala, A., Roupsard, O., Bonnefond, J-M., Le Maire, G., Marsden, C., Saint-Andr_, L., 2010. Within-stand and seasonal variations of specific leaf area in a clonal Eucalyptus plantation in the Republic of Congo. Forest Ecology and Management, 259: 1796_1807. "
Nouvellon et al. (2010),3-Oct-05,Myrtaceae,Eucalyptus urophylla * Eucalyptus grandis (clone),3.39,35.067,0.004014,0.015758,18.35,11.3,3.536,,,,0.101,EA,PM,6,6,Kissoko (Congo),-4.7914,11.9822,TropSF,2.2136,1200,25,"Nouvellon, Y., Laclau, J-P., Epron, D., Kinana, A., Mabiala, A., Roupsard, O., Bonnefond, J-M., Le Maire, G., Marsden, C., Saint-Andr_, L., 2010. Within-stand and seasonal variations of specific leaf area in a clonal Eucalyptus plantation in the Republic of Congo. Forest Ecology and Management, 259: 1796_1807. "
Nouvellon et al. (2010),3-Oct-05,Myrtaceae,Eucalyptus urophylla * Eucalyptus grandis (clone),3.39,40.942,0.004168,0.017133,19.05,11.2,4.05,,,,0.099,EA,PM,7,7,Kissoko (Congo),-4.7914,11.9822,TropSF,2.2136,1200,25,"Nouvellon, Y., Laclau, J-P., Epron, D., Kinana, A., Mabiala, A., Roupsard, O., Bonnefond, J-M., Le Maire, G., Marsden, C., Saint-Andr_, L., 2010. Within-stand and seasonal variations of specific leaf area in a clonal Eucalyptus plantation in the Republic of Congo. Forest Ecology and Management, 259: 1796_1807. "
Nouvellon et al. (2010),3-Oct-05,Myrtaceae,Eucalyptus urophylla * Eucalyptus grandis (clone),3.39,40.64,0.003879,0.018335,18.75,9.95,4.189,,,,0.103,EA,PM,8,8,Kissoko (Congo),-4.7914,11.9822,TropSF,2.2136,1200,25,"Nouvellon, Y., Laclau, J-P., Epron, D., Kinana, A., Mabiala, A., Roupsard, O., Bonnefond, J-M., Le Maire, G., Marsden, C., Saint-Andr_, L., 2010. Within-stand and seasonal variations of specific leaf area in a clonal Eucalyptus plantation in the Republic of Congo. Forest Ecology and Management, 259: 1796_1807. "
Nouvellon et al. (2010),3-Oct-05,Myrtaceae,Eucalyptus urophylla * Eucalyptus grandis (clone),3.39,46.332,0.004052,0.021353,19,8.85,4.734,,,,0.102,EA,PM,9,9,Kissoko (Congo),-4.7914,11.9822,TropSF,2.2136,1200,25,"Nouvellon, Y., Laclau, J-P., Epron, D., Kinana, A., Mabiala, A., Roupsard, O., Bonnefond, J-M., Le Maire, G., Marsden, C., Saint-Andr_, L., 2010. Within-stand and seasonal variations of specific leaf area in a clonal Eucalyptus plantation in the Republic of Congo. Forest Ecology and Management, 259: 1796_1807. "
Nouvellon et al. (2010),21-Nov-05,Myrtaceae,Eucalyptus urophylla * Eucalyptus grandis (clone),3.52,5.589,0.003907,0.002843,12.1,8.27,0.333,9.032438206,1.020626472,0.415580737,0.06,EA,PM,0,0,Kissoko (Congo),-4.7914,11.9822,TropSF,2.37,1200,25,"Nouvellon, Y., Laclau, J-P., Epron, D., Kinana, A., Mabiala, A., Roupsard, O., Bonnefond, J-M., Le Maire, G., Marsden, C., Saint-Andr_, L., 2010. Within-stand and seasonal variations of specific leaf area in a clonal Eucalyptus plantation in the Republic of Congo. Forest Ecology and Management, 259: 1796_1807. "
Nouvellon et al. (2010),21-Nov-05,Myrtaceae,Eucalyptus urophylla * Eucalyptus grandis (clone),3.52,8.744,0.003954,0.00466,14.3,7.8,0.658,15.73415918,1.474877133,1.045828367,0.075,EA,PM,1,1,Kissoko (Congo),-4.7914,11.9822,TropSF,2.37,1200,25,"Nouvellon, Y., Laclau, J-P., Epron, D., Kinana, A., Mabiala, A., Roupsard, O., Bonnefond, J-M., Le Maire, G., Marsden, C., Saint-Andr_, L., 2010. Within-stand and seasonal variations of specific leaf area in a clonal Eucalyptus plantation in the Republic of Congo. Forest Ecology and Management, 259: 1796_1807. "
Nouvellon et al. (2010),21-Nov-05,Myrtaceae,Eucalyptus urophylla * Eucalyptus grandis (clone),3.52,14.704,0.003913,0.005931,14.8,8.53,1.151,21.33368696,1.918778204,2.175317174,0.078,EA,PM,2,2,Kissoko (Congo),-4.7914,11.9822,TropSF,2.37,1200,25,"Nouvellon, Y., Laclau, J-P., Epron, D., Kinana, A., Mabiala, A., Roupsard, O., Bonnefond, J-M., Le Maire, G., Marsden, C., Saint-Andr_, L., 2010. Within-stand and seasonal variations of specific leaf area in a clonal Eucalyptus plantation in the Republic of Congo. Forest Ecology and Management, 259: 1796_1807. "
Nouvellon et al. (2010),21-Nov-05,Myrtaceae,Eucalyptus urophylla * Eucalyptus grandis (clone),3.52,16.372,0.004076,0.007946,16.75,11.6,1.45,32.29402245,3.082229641,1.736093418,0.089,EA,PM,3,3,Kissoko (Congo),-4.7914,11.9822,TropSF,2.37,1200,25,"Nouvellon, Y., Laclau, J-P., Epron, D., Kinana, A., Mabiala, A., Roupsard, O., Bonnefond, J-M., Le Maire, G., Marsden, C., Saint-Andr_, L., 2010. Within-stand and seasonal variations of specific leaf area in a clonal Eucalyptus plantation in the Republic of Congo. Forest Ecology and Management, 259: 1796_1807. "
Nouvellon et al. (2010),21-Nov-05,Myrtaceae,Eucalyptus urophylla * Eucalyptus grandis (clone),3.52,19.711,0.00437,0.009199,16.77,12.4,1.778,34.84450091,3.400610511,2.418070953,0.09,EA,PM,4,4,Kissoko (Congo),-4.7914,11.9822,TropSF,2.37,1200,25,"Nouvellon, Y., Laclau, J-P., Epron, D., Kinana, A., Mabiala, A., Roupsard, O., Bonnefond, J-M., Le Maire, G., Marsden, C., Saint-Andr_, L., 2010. Within-stand and seasonal variations of specific leaf area in a clonal Eucalyptus plantation in the Republic of Congo. Forest Ecology and Management, 259: 1796_1807. "
Nouvellon et al. (2010),21-Nov-05,Myrtaceae,Eucalyptus urophylla * Eucalyptus grandis (clone),3.52,28.129,0.004046,0.010718,17.78,12.55,2.442,44.77427623,4.157605819,3.187366548,0.087,EA,PM,5,5,Kissoko (Congo),-4.7914,11.9822,TropSF,2.37,1200,25,"Nouvellon, Y., Laclau, J-P., Epron, D., Kinana, A., Mabiala, A., Roupsard, O., Bonnefond, J-M., Le Maire, G., Marsden, C., Saint-Andr_, L., 2010. Within-stand and seasonal variations of specific leaf area in a clonal Eucalyptus plantation in the Republic of Congo. Forest Ecology and Management, 259: 1796_1807. "
Nouvellon et al. (2010),21-Nov-05,Myrtaceae,Eucalyptus urophylla * Eucalyptus grandis (clone),3.52,27.745,0.004065,0.011795,18,10.2,2.689,49.45474909,4.404816536,4.067081068,0.097,EA,PM,6,6,Kissoko (Congo),-4.7914,11.9822,TropSF,2.37,1200,25,"Nouvellon, Y., Laclau, J-P., Epron, D., Kinana, A., Mabiala, A., Roupsard, O., Bonnefond, J-M., Le Maire, G., Marsden, C., Saint-Andr_, L., 2010. Within-stand and seasonal variations of specific leaf area in a clonal Eucalyptus plantation in the Republic of Congo. Forest Ecology and Management, 259: 1796_1807. "
Nouvellon et al. (2010),21-Nov-05,Myrtaceae,Eucalyptus urophylla * Eucalyptus grandis (clone),3.52,30.401,0.003873,0.013639,18.7,13.4,2.884,56.68174127,5.244687252,4.568322936,0.095,EA,PM,7,7,Kissoko (Congo),-4.7914,11.9822,TropSF,2.37,1200,25,"Nouvellon, Y., Laclau, J-P., Epron, D., Kinana, A., Mabiala, A., Roupsard, O., Bonnefond, J-M., Le Maire, G., Marsden, C., Saint-Andr_, L., 2010. Within-stand and seasonal variations of specific leaf area in a clonal Eucalyptus plantation in the Republic of Congo. Forest Ecology and Management, 259: 1796_1807. "
Nouvellon et al. (2010),21-Nov-05,Myrtaceae,Eucalyptus urophylla * Eucalyptus grandis (clone),3.52,40.979,0.003947,0.014577,18.15,11.42,3.683,57.05461524,4.97097751,6.165490468,0.09,EA,PM,8,8,Kissoko (Congo),-4.7914,11.9822,TropSF,2.37,1200,25,"Nouvellon, Y., Laclau, J-P., Epron, D., Kinana, A., Mabiala, A., Roupsard, O., Bonnefond, J-M., Le Maire, G., Marsden, C., Saint-Andr_, L., 2010. Within-stand and seasonal variations of specific leaf area in a clonal Eucalyptus plantation in the Republic of Congo. Forest Ecology and Management, 259: 1796_1807. "
Nouvellon et al. (2010),21-Nov-05,Myrtaceae,Eucalyptus urophylla * Eucalyptus grandis (clone),3.52,33.87,0.00389,0.015127,18.9,12.35,3.267,60.73677101,5.193494522,5.277194857,0.096,EA,PM,9,9,Kissoko (Congo),-4.7914,11.9822,TropSF,2.37,1200,25,"Nouvellon, Y., Laclau, J-P., Epron, D., Kinana, A., Mabiala, A., Roupsard, O., Bonnefond, J-M., Le Maire, G., Marsden, C., Saint-Andr_, L., 2010. Within-stand and seasonal variations of specific leaf area in a clonal Eucalyptus plantation in the Republic of Congo. Forest Ecology and Management, 259: 1796_1807. "
Nouvellon et al. (2010),21-Nov-05,Myrtaceae,Eucalyptus urophylla * Eucalyptus grandis (clone),3.52,34.251,0.003709,0.016475,18.95,10.1,3.262,67.3373476,5.809501913,6.260934462,0.095,EA,PM,10,10,Kissoko (Congo),-4.7914,11.9822,TropSF,2.37,1200,25,"Nouvellon, Y., Laclau, J-P., Epron, D., Kinana, A., Mabiala, A., Roupsard, O., Bonnefond, J-M., Le Maire, G., Marsden, C., Saint-Andr_, L., 2010. Within-stand and seasonal variations of specific leaf area in a clonal Eucalyptus plantation in the Republic of Congo. Forest Ecology and Management, 259: 1796_1807. "
Nouvellon et al. (2010),21-Nov-05,Myrtaceae,Eucalyptus urophylla * Eucalyptus grandis (clone),3.52,43.58,0.003843,0.017355,18.93,10.1,4.464,73.0946269,6.407372649,9.088433075,0.102,EA,PM,11,11,Kissoko (Congo),-4.7914,11.9822,TropSF,2.37,1200,25,"Nouvellon, Y., Laclau, J-P., Epron, D., Kinana, A., Mabiala, A., Roupsard, O., Bonnefond, J-M., Le Maire, G., Marsden, C., Saint-Andr_, L., 2010. Within-stand and seasonal variations of specific leaf area in a clonal Eucalyptus plantation in the Republic of Congo. Forest Ecology and Management, 259: 1796_1807. "
Nouvellon et al. (2010),21-Nov-05,Myrtaceae,Eucalyptus urophylla * Eucalyptus grandis (clone),3.52,45.403,0.00407,0.018335,19.7,9.85,4.246,77.33937874,6.488538006,8.967636758,0.094,EA,PM,12,12,Kissoko (Congo),-4.7914,11.9822,TropSF,2.37,1200,25,"Nouvellon, Y., Laclau, J-P., Epron, D., Kinana, A., Mabiala, A., Roupsard, O., Bonnefond, J-M., Le Maire, G., Marsden, C., Saint-Andr_, L., 2010. Within-stand and seasonal variations of specific leaf area in a clonal Eucalyptus plantation in the Republic of Congo. Forest Ecology and Management, 259: 1796_1807. "
Nouvellon et al. (2010),21-Nov-05,Myrtaceae,Eucalyptus urophylla * Eucalyptus grandis (clone),3.52,44.664,0.003861,0.020294,18.9,8.63,4.28,76.33938668,7.239953399,10.45164069,0.096,EA,PM,13,13,Kissoko (Congo),-4.7914,11.9822,TropSF,2.37,1200,25,"Nouvellon, Y., Laclau, J-P., Epron, D., Kinana, A., Mabiala, A., Roupsard, O., Bonnefond, J-M., Le Maire, G., Marsden, C., Saint-Andr_, L., 2010. Within-stand and seasonal variations of specific leaf area in a clonal Eucalyptus plantation in the Republic of Congo. Forest Ecology and Management, 259: 1796_1807. "
Nouvellon et al. (2010),21-Nov-05,Myrtaceae,Eucalyptus urophylla * Eucalyptus grandis (clone),3.52,50.725,0.003752,0.021934,18.9,9.3,4.659,82.81258886,7.446809895,10.42932254,0.092,EA,PM,14,14,Kissoko (Congo),-4.7914,11.9822,TropSF,2.37,1200,25,"Nouvellon, Y., Laclau, J-P., Epron, D., Kinana, A., Mabiala, A., Roupsard, O., Bonnefond, J-M., Le Maire, G., Marsden, C., Saint-Andr_, L., 2010. Within-stand and seasonal variations of specific leaf area in a clonal Eucalyptus plantation in the Republic of Congo. Forest Ecology and Management, 259: 1796_1807. "
Nouvellon et al. (2010),20-Jan-06,Myrtaceae,Eucalyptus urophylla * Eucalyptus grandis (clone),3.69,7.854,0.004413,0.002843,11.4,7.85,0.55,,,,0.07,EA,PM,0,0,Kissoko (Congo),-4.7914,11.9822,TropSF,2.614,1200,25,"Nouvellon, Y., Laclau, J-P., Epron, D., Kinana, A., Mabiala, A., Roupsard, O., Bonnefond, J-M., Le Maire, G., Marsden, C., Saint-Andr_, L., 2010. Within-stand and seasonal variations of specific leaf area in a clonal Eucalyptus plantation in the Republic of Congo. Forest Ecology and Management, 259: 1796_1807. "
Nouvellon et al. (2010),20-Jan-06,Myrtaceae,Eucalyptus urophylla * Eucalyptus grandis (clone),3.69,10.249,0.003988,0.004395,13.8,9.1,0.699,,,,0.068,EA,PM,1,1,Kissoko (Congo),-4.7914,11.9822,TropSF,2.614,1200,25,"Nouvellon, Y., Laclau, J-P., Epron, D., Kinana, A., Mabiala, A., Roupsard, O., Bonnefond, J-M., Le Maire, G., Marsden, C., Saint-Andr_, L., 2010. Within-stand and seasonal variations of specific leaf area in a clonal Eucalyptus plantation in the Republic of Congo. Forest Ecology and Management, 259: 1796_1807. "
Nouvellon et al. (2010),20-Jan-06,Myrtaceae,Eucalyptus urophylla * Eucalyptus grandis (clone),3.69,9.81,0.003753,0.006018,15.4,10.55,0.694,,,,0.071,EA,PM,2,2,Kissoko (Congo),-4.7914,11.9822,TropSF,2.614,1200,25,"Nouvellon, Y., Laclau, J-P., Epron, D., Kinana, A., Mabiala, A., Roupsard, O., Bonnefond, J-M., Le Maire, G., Marsden, C., Saint-Andr_, L., 2010. Within-stand and seasonal variations of specific leaf area in a clonal Eucalyptus plantation in the Republic of Congo. Forest Ecology and Management, 259: 1796_1807. "
Nouvellon et al. (2010),20-Jan-06,Myrtaceae,Eucalyptus urophylla * Eucalyptus grandis (clone),3.69,18.188,0.003842,0.008405,16.75,11.15,1.388,,,,0.076,EA,PM,3,3,Kissoko (Congo),-4.7914,11.9822,TropSF,2.614,1200,25,"Nouvellon, Y., Laclau, J-P., Epron, D., Kinana, A., Mabiala, A., Roupsard, O., Bonnefond, J-M., Le Maire, G., Marsden, C., Saint-Andr_, L., 2010. Within-stand and seasonal variations of specific leaf area in a clonal Eucalyptus plantation in the Republic of Congo. Forest Ecology and Management, 259: 1796_1807. "
Nouvellon et al. (2010),20-Jan-06,Myrtaceae,Eucalyptus urophylla * Eucalyptus grandis (clone),3.69,20.167,0.00395,0.010602,18.2,12.25,1.696,,,,0.084,EA,PM,4,4,Kissoko (Congo),-4.7914,11.9822,TropSF,2.614,1200,25,"Nouvellon, Y., Laclau, J-P., Epron, D., Kinana, A., Mabiala, A., Roupsard, O., Bonnefond, J-M., Le Maire, G., Marsden, C., Saint-Andr_, L., 2010. Within-stand and seasonal variations of specific leaf area in a clonal Eucalyptus plantation in the Republic of Congo. Forest Ecology and Management, 259: 1796_1807. "
Nouvellon et al. (2010),20-Jan-06,Myrtaceae,Eucalyptus urophylla * Eucalyptus grandis (clone),3.69,25.045,0.004014,0.012542,19.4,12.1,2.246,,,,0.09,EA,PM,5,5,Kissoko (Congo),-4.7914,11.9822,TropSF,2.614,1200,25,"Nouvellon, Y., Laclau, J-P., Epron, D., Kinana, A., Mabiala, A., Roupsard, O., Bonnefond, J-M., Le Maire, G., Marsden, C., Saint-Andr_, L., 2010. Within-stand and seasonal variations of specific leaf area in a clonal Eucalyptus plantation in the Republic of Congo. Forest Ecology and Management, 259: 1796_1807. "
Nouvellon et al. (2010),20-Jan-06,Myrtaceae,Eucalyptus urophylla * Eucalyptus grandis (clone),3.69,37.386,0.004158,0.015127,19.5,11.9,3.289,,,,0.088,EA,PM,6,6,Kissoko (Congo),-4.7914,11.9822,TropSF,2.614,1200,25,"Nouvellon, Y., Laclau, J-P., Epron, D., Kinana, A., Mabiala, A., Roupsard, O., Bonnefond, J-M., Le Maire, G., Marsden, C., Saint-Andr_, L., 2010. Within-stand and seasonal variations of specific leaf area in a clonal Eucalyptus plantation in the Republic of Congo. Forest Ecology and Management, 259: 1796_1807. "
Nouvellon et al. (2010),20-Jan-06,Myrtaceae,Eucalyptus urophylla * Eucalyptus grandis (clone),3.69,45.048,0.003922,0.017429,19.9,9.15,3.86,,,,0.086,EA,PM,7,7,Kissoko (Congo),-4.7914,11.9822,TropSF,2.614,1200,25,"Nouvellon, Y., Laclau, J-P., Epron, D., Kinana, A., Mabiala, A., Roupsard, O., Bonnefond, J-M., Le Maire, G., Marsden, C., Saint-Andr_, L., 2010. Within-stand and seasonal variations of specific leaf area in a clonal Eucalyptus plantation in the Republic of Congo. Forest Ecology and Management, 259: 1796_1807. "
Nouvellon et al. (2010),20-Jan-06,Myrtaceae,Eucalyptus urophylla * Eucalyptus grandis (clone),3.69,53.405,0.003941,0.020294,20.4,9.5,4.562,,,,0.085,EA,PM,8,8,Kissoko (Congo),-4.7914,11.9822,TropSF,2.614,1200,25,"Nouvellon, Y., Laclau, J-P., Epron, D., Kinana, A., Mabiala, A., Roupsard, O., Bonnefond, J-M., Le Maire, G., Marsden, C., Saint-Andr_, L., 2010. Within-stand and seasonal variations of specific leaf area in a clonal Eucalyptus plantation in the Republic of Congo. Forest Ecology and Management, 259: 1796_1807. "
Nouvellon et al. (2010),20-Jan-06,Myrtaceae,Eucalyptus urophylla * Eucalyptus grandis (clone),3.69,67.934,0.003819,0.02355,21.26,10.46,5.983,,,,0.088,EA,PM,9,9,Kissoko (Congo),-4.7914,11.9822,TropSF,2.614,1200,25,"Nouvellon, Y., Laclau, J-P., Epron, D., Kinana, A., Mabiala, A., Roupsard, O., Bonnefond, J-M., Le Maire, G., Marsden, C., Saint-Andr_, L., 2010. Within-stand and seasonal variations of specific leaf area in a clonal Eucalyptus plantation in the Republic of Congo. Forest Ecology and Management, 259: 1796_1807. "
Nouvellon et al. (2010),1-Mar-06,Myrtaceae,Eucalyptus urophylla * Eucalyptus grandis (clone),3.79,11.107,0.00434,0.00341,11.5,7.7,0.83,,,,0.075,EA,PM,0,0,Kissoko (Congo),-4.7914,11.9822,TropSF,2.7814,1200,25,"Nouvellon, Y., Laclau, J-P., Epron, D., Kinana, A., Mabiala, A., Roupsard, O., Bonnefond, J-M., Le Maire, G., Marsden, C., Saint-Andr_, L., 2010. Within-stand and seasonal variations of specific leaf area in a clonal Eucalyptus plantation in the Republic of Congo. Forest Ecology and Management, 259: 1796_1807. "
Nouvellon et al. (2010),1-Mar-06,Myrtaceae,Eucalyptus urophylla * Eucalyptus grandis (clone),3.79,10.175,0.003973,0.005297,15,9.4,0.836,,,,0.082,EA,PM,1,1,Kissoko (Congo),-4.7914,11.9822,TropSF,2.7814,1200,25,"Nouvellon, Y., Laclau, J-P., Epron, D., Kinana, A., Mabiala, A., Roupsard, O., Bonnefond, J-M., Le Maire, G., Marsden, C., Saint-Andr_, L., 2010. Within-stand and seasonal variations of specific leaf area in a clonal Eucalyptus plantation in the Republic of Congo. Forest Ecology and Management, 259: 1796_1807. "
Nouvellon et al. (2010),1-Mar-06,Myrtaceae,Eucalyptus urophylla * Eucalyptus grandis (clone),3.79,20.002,0.003958,0.007162,15.55,8.85,1.651,,,,0.083,EA,PM,2,2,Kissoko (Congo),-4.7914,11.9822,TropSF,2.7814,1200,25,"Nouvellon, Y., Laclau, J-P., Epron, D., Kinana, A., Mabiala, A., Roupsard, O., Bonnefond, J-M., Le Maire, G., Marsden, C., Saint-Andr_, L., 2010. Within-stand and seasonal variations of specific leaf area in a clonal Eucalyptus plantation in the Republic of Congo. Forest Ecology and Management, 259: 1796_1807. "
Nouvellon et al. (2010),1-Mar-06,Myrtaceae,Eucalyptus urophylla * Eucalyptus grandis (clone),3.79,20.24,0.003938,0.009199,18.5,13.2,1.703,,,,0.084,EA,PM,3,3,Kissoko (Congo),-4.7914,11.9822,TropSF,2.7814,1200,25,"Nouvellon, Y., Laclau, J-P., Epron, D., Kinana, A., Mabiala, A., Roupsard, O., Bonnefond, J-M., Le Maire, G., Marsden, C., Saint-Andr_, L., 2010. Within-stand and seasonal variations of specific leaf area in a clonal Eucalyptus plantation in the Republic of Congo. Forest Ecology and Management, 259: 1796_1807. "
Nouvellon et al. (2010),1-Mar-06,Myrtaceae,Eucalyptus urophylla * Eucalyptus grandis (clone),3.79,19.763,0.003856,0.011191,19.6,13.1,1.736,,,,0.088,EA,PM,4,4,Kissoko (Congo),-4.7914,11.9822,TropSF,2.7814,1200,25,"Nouvellon, Y., Laclau, J-P., Epron, D., Kinana, A., Mabiala, A., Roupsard, O., Bonnefond, J-M., Le Maire, G., Marsden, C., Saint-Andr_, L., 2010. Within-stand and seasonal variations of specific leaf area in a clonal Eucalyptus plantation in the Republic of Congo. Forest Ecology and Management, 259: 1796_1807. "
Nouvellon et al. (2010),1-Mar-06,Myrtaceae,Eucalyptus urophylla * Eucalyptus grandis (clone),3.79,31.876,0.003874,0.013247,19.6,11.7,2.976,,,,0.093,EA,PM,5,5,Kissoko (Congo),-4.7914,11.9822,TropSF,2.7814,1200,25,"Nouvellon, Y., Laclau, J-P., Epron, D., Kinana, A., Mabiala, A., Roupsard, O., Bonnefond, J-M., Le Maire, G., Marsden, C., Saint-Andr_, L., 2010. Within-stand and seasonal variations of specific leaf area in a clonal Eucalyptus plantation in the Republic of Congo. Forest Ecology and Management, 259: 1796_1807. "
Nouvellon et al. (2010),1-Mar-06,Myrtaceae,Eucalyptus urophylla * Eucalyptus grandis (clone),3.79,47.896,0.003954,0.016114,19.2,11.9,4.318,,,,0.09,EA,PM,6,6,Kissoko (Congo),-4.7914,11.9822,TropSF,2.7814,1200,25,"Nouvellon, Y., Laclau, J-P., Epron, D., Kinana, A., Mabiala, A., Roupsard, O., Bonnefond, J-M., Le Maire, G., Marsden, C., Saint-Andr_, L., 2010. Within-stand and seasonal variations of specific leaf area in a clonal Eucalyptus plantation in the Republic of Congo. Forest Ecology and Management, 259: 1796_1807. "
Nouvellon et al. (2010),1-Mar-06,Myrtaceae,Eucalyptus urophylla * Eucalyptus grandis (clone),3.79,48.039,0.003972,0.018719,20.45,13.15,4.569,,,,0.095,EA,PM,7,7,Kissoko (Congo),-4.7914,11.9822,TropSF,2.7814,1200,25,"Nouvellon, Y., Laclau, J-P., Epron, D., Kinana, A., Mabiala, A., Roupsard, O., Bonnefond, J-M., Le Maire, G., Marsden, C., Saint-Andr_, L., 2010. Within-stand and seasonal variations of specific leaf area in a clonal Eucalyptus plantation in the Republic of Congo. Forest Ecology and Management, 259: 1796_1807. "
Nouvellon et al. (2010),1-Mar-06,Myrtaceae,Eucalyptus urophylla * Eucalyptus grandis (clone),3.79,57.005,0.00379,0.021684,20.9,9.65,5.271,,,,0.092,EA,PM,8,8,Kissoko (Congo),-4.7914,11.9822,TropSF,2.7814,1200,25,"Nouvellon, Y., Laclau, J-P., Epron, D., Kinana, A., Mabiala, A., Roupsard, O., Bonnefond, J-M., Le Maire, G., Marsden, C., Saint-Andr_, L., 2010. Within-stand and seasonal variations of specific leaf area in a clonal Eucalyptus plantation in the Republic of Congo. Forest Ecology and Management, 259: 1796_1807. "
Nouvellon et al. (2010),1-Mar-06,Myrtaceae,Eucalyptus urophylla * Eucalyptus grandis (clone),3.79,67.651,0.003832,0.025313,20.85,9.25,6.571,,,,0.097,EA,PM,9,9,Kissoko (Congo),-4.7914,11.9822,TropSF,2.7814,1200,25,"Nouvellon, Y., Laclau, J-P., Epron, D., Kinana, A., Mabiala, A., Roupsard, O., Bonnefond, J-M., Le Maire, G., Marsden, C., Saint-Andr_, L., 2010. Within-stand and seasonal variations of specific leaf area in a clonal Eucalyptus plantation in the Republic of Congo. Forest Ecology and Management, 259: 1796_1807. "
Nouvellon et al. (2010),21-Apr-06,Myrtaceae,Eucalyptus urophylla * Eucalyptus grandis (clone),3.93,6.242,0.004149,0.003344,12.5,7.6,0.49,,,,0.079,EA,PM,0,0,Kissoko (Congo),-4.7914,11.9822,TropSF,3.0992,1200,25,"Nouvellon, Y., Laclau, J-P., Epron, D., Kinana, A., Mabiala, A., Roupsard, O., Bonnefond, J-M., Le Maire, G., Marsden, C., Saint-Andr_, L., 2010. Within-stand and seasonal variations of specific leaf area in a clonal Eucalyptus plantation in the Republic of Congo. Forest Ecology and Management, 259: 1796_1807. "
Nouvellon et al. (2010),21-Apr-06,Myrtaceae,Eucalyptus urophylla * Eucalyptus grandis (clone),3.93,10.029,0.004138,0.005588,14.9,10.2,0.824,,,,0.082,EA,PM,1,1,Kissoko (Congo),-4.7914,11.9822,TropSF,3.0992,1200,25,"Nouvellon, Y., Laclau, J-P., Epron, D., Kinana, A., Mabiala, A., Roupsard, O., Bonnefond, J-M., Le Maire, G., Marsden, C., Saint-Andr_, L., 2010. Within-stand and seasonal variations of specific leaf area in a clonal Eucalyptus plantation in the Republic of Congo. Forest Ecology and Management, 259: 1796_1807. "
Nouvellon et al. (2010),21-Apr-06,Myrtaceae,Eucalyptus urophylla * Eucalyptus grandis (clone),3.93,11.51,0.003854,0.007258,17.3,10.3,0.913,,,,0.079,EA,PM,2,2,Kissoko (Congo),-4.7914,11.9822,TropSF,3.0992,1200,25,"Nouvellon, Y., Laclau, J-P., Epron, D., Kinana, A., Mabiala, A., Roupsard, O., Bonnefond, J-M., Le Maire, G., Marsden, C., Saint-Andr_, L., 2010. Within-stand and seasonal variations of specific leaf area in a clonal Eucalyptus plantation in the Republic of Congo. Forest Ecology and Management, 259: 1796_1807. "
Nouvellon et al. (2010),21-Apr-06,Myrtaceae,Eucalyptus urophylla * Eucalyptus grandis (clone),3.93,27.203,0.00401,0.009472,16.2,8.7,2.507,,,,0.092,EA,PM,3,3,Kissoko (Congo),-4.7914,11.9822,TropSF,3.0992,1200,25,"Nouvellon, Y., Laclau, J-P., Epron, D., Kinana, A., Mabiala, A., Roupsard, O., Bonnefond, J-M., Le Maire, G., Marsden, C., Saint-Andr_, L., 2010. Within-stand and seasonal variations of specific leaf area in a clonal Eucalyptus plantation in the Republic of Congo. Forest Ecology and Management, 259: 1796_1807. "
Nouvellon et al. (2010),21-Apr-06,Myrtaceae,Eucalyptus urophylla * Eucalyptus grandis (clone),3.93,25.341,0.003727,0.011734,19.9,7,2.438,,,,0.096,EA,PM,4,4,Kissoko (Congo),-4.7914,11.9822,TropSF,3.0992,1200,25,"Nouvellon, Y., Laclau, J-P., Epron, D., Kinana, A., Mabiala, A., Roupsard, O., Bonnefond, J-M., Le Maire, G., Marsden, C., Saint-Andr_, L., 2010. Within-stand and seasonal variations of specific leaf area in a clonal Eucalyptus plantation in the Republic of Congo. Forest Ecology and Management, 259: 1796_1807. "
Nouvellon et al. (2010),21-Apr-06,Myrtaceae,Eucalyptus urophylla * Eucalyptus grandis (clone),3.93,42.521,0.003826,0.014037,19.4,9.8,3.797,,,,0.089,EA,PM,5,5,Kissoko (Congo),-4.7914,11.9822,TropSF,3.0992,1200,25,"Nouvellon, Y., Laclau, J-P., Epron, D., Kinana, A., Mabiala, A., Roupsard, O., Bonnefond, J-M., Le Maire, G., Marsden, C., Saint-Andr_, L., 2010. Within-stand and seasonal variations of specific leaf area in a clonal Eucalyptus plantation in the Republic of Congo. Forest Ecology and Management, 259: 1796_1807. "
Nouvellon et al. (2010),21-Apr-06,Myrtaceae,Eucalyptus urophylla * Eucalyptus grandis (clone),3.93,39.471,0.003945,0.017059,20.9,8.4,3.674,,,,0.093,EA,PM,6,6,Kissoko (Congo),-4.7914,11.9822,TropSF,3.0992,1200,25,"Nouvellon, Y., Laclau, J-P., Epron, D., Kinana, A., Mabiala, A., Roupsard, O., Bonnefond, J-M., Le Maire, G., Marsden, C., Saint-Andr_, L., 2010. Within-stand and seasonal variations of specific leaf area in a clonal Eucalyptus plantation in the Republic of Congo. Forest Ecology and Management, 259: 1796_1807. "
Nouvellon et al. (2010),21-Apr-06,Myrtaceae,Eucalyptus urophylla * Eucalyptus grandis (clone),3.93,49.292,0.004064,0.019656,20,10.4,5.07,,,,0.103,EA,PM,7,7,Kissoko (Congo),-4.7914,11.9822,TropSF,3.0992,1200,25,"Nouvellon, Y., Laclau, J-P., Epron, D., Kinana, A., Mabiala, A., Roupsard, O., Bonnefond, J-M., Le Maire, G., Marsden, C., Saint-Andr_, L., 2010. Within-stand and seasonal variations of specific leaf area in a clonal Eucalyptus plantation in the Republic of Congo. Forest Ecology and Management, 259: 1796_1807. "
Nouvellon et al. (2010),21-Apr-06,Myrtaceae,Eucalyptus urophylla * Eucalyptus grandis (clone),3.93,65.119,0.00398,0.022607,20.2,8.2,6.46,,,,0.099,EA,PM,8,8,Kissoko (Congo),-4.7914,11.9822,TropSF,3.0992,1200,25,"Nouvellon, Y., Laclau, J-P., Epron, D., Kinana, A., Mabiala, A., Roupsard, O., Bonnefond, J-M., Le Maire, G., Marsden, C., Saint-Andr_, L., 2010. Within-stand and seasonal variations of specific leaf area in a clonal Eucalyptus plantation in the Republic of Congo. Forest Ecology and Management, 259: 1796_1807. "
Nouvellon et al. (2010),21-Apr-06,Myrtaceae,Eucalyptus urophylla * Eucalyptus grandis (clone),3.93,81.207,0.00402,0.02677,20.2,7.8,8.53,,,,0.105,EA,PM,9,9,Kissoko (Congo),-4.7914,11.9822,TropSF,3.0992,1200,25,"Nouvellon, Y., Laclau, J-P., Epron, D., Kinana, A., Mabiala, A., Roupsard, O., Bonnefond, J-M., Le Maire, G., Marsden, C., Saint-Andr_, L., 2010. Within-stand and seasonal variations of specific leaf area in a clonal Eucalyptus plantation in the Republic of Congo. Forest Ecology and Management, 259: 1796_1807. "
Nouvellon et al. (2010),7-Jun-06,Myrtaceae,Eucalyptus urophylla * Eucalyptus grandis (clone),4.06,13.123,0.003891,0.003377,11.2,3.85,0.933,,,,0.071,EA,PM,0,0,Kissoko (Congo),-4.7914,11.9822,TropSF,2.3421,1200,25,"Nouvellon, Y., Laclau, J-P., Epron, D., Kinana, A., Mabiala, A., Roupsard, O., Bonnefond, J-M., Le Maire, G., Marsden, C., Saint-Andr_, L., 2010. Within-stand and seasonal variations of specific leaf area in a clonal Eucalyptus plantation in the Republic of Congo. Forest Ecology and Management, 259: 1796_1807. "
Nouvellon et al. (2010),7-Jun-06,Myrtaceae,Eucalyptus urophylla * Eucalyptus grandis (clone),4.06,7.599,0.003608,0.005758,15.55,11.8,0.671,,,,0.088,EA,PM,1,1,Kissoko (Congo),-4.7914,11.9822,TropSF,2.3421,1200,25,"Nouvellon, Y., Laclau, J-P., Epron, D., Kinana, A., Mabiala, A., Roupsard, O., Bonnefond, J-M., Le Maire, G., Marsden, C., Saint-Andr_, L., 2010. Within-stand and seasonal variations of specific leaf area in a clonal Eucalyptus plantation in the Republic of Congo. Forest Ecology and Management, 259: 1796_1807. "
Nouvellon et al. (2010),7-Jun-06,Myrtaceae,Eucalyptus urophylla * Eucalyptus grandis (clone),4.06,10.064,0.003442,0.007162,18.1,12.95,0.807,,,,0.08,EA,PM,2,2,Kissoko (Congo),-4.7914,11.9822,TropSF,2.3421,1200,25,"Nouvellon, Y., Laclau, J-P., Epron, D., Kinana, A., Mabiala, A., Roupsard, O., Bonnefond, J-M., Le Maire, G., Marsden, C., Saint-Andr_, L., 2010. Within-stand and seasonal variations of specific leaf area in a clonal Eucalyptus plantation in the Republic of Congo. Forest Ecology and Management, 259: 1796_1807. "
Nouvellon et al. (2010),7-Jun-06,Myrtaceae,Eucalyptus urophylla * Eucalyptus grandis (clone),4.06,14.292,0.003231,0.009472,19.8,14,1.26,,,,0.088,EA,PM,3,3,Kissoko (Congo),-4.7914,11.9822,TropSF,2.3421,1200,25,"Nouvellon, Y., Laclau, J-P., Epron, D., Kinana, A., Mabiala, A., Roupsard, O., Bonnefond, J-M., Le Maire, G., Marsden, C., Saint-Andr_, L., 2010. Within-stand and seasonal variations of specific leaf area in a clonal Eucalyptus plantation in the Republic of Congo. Forest Ecology and Management, 259: 1796_1807. "
Nouvellon et al. (2010),7-Jun-06,Myrtaceae,Eucalyptus urophylla * Eucalyptus grandis (clone),4.06,24.063,0.003641,0.011612,19.1,13.5,2.447,,,,0.102,EA,PM,4,4,Kissoko (Congo),-4.7914,11.9822,TropSF,2.3421,1200,25,"Nouvellon, Y., Laclau, J-P., Epron, D., Kinana, A., Mabiala, A., Roupsard, O., Bonnefond, J-M., Le Maire, G., Marsden, C., Saint-Andr_, L., 2010. Within-stand and seasonal variations of specific leaf area in a clonal Eucalyptus plantation in the Republic of Congo. Forest Ecology and Management, 259: 1796_1807. "
Nouvellon et al. (2010),7-Jun-06,Myrtaceae,Eucalyptus urophylla * Eucalyptus grandis (clone),4.06,23.97,0.003709,0.014374,20.8,15.13,2.422,,,,0.101,EA,PM,5,5,Kissoko (Congo),-4.7914,11.9822,TropSF,2.3421,1200,25,"Nouvellon, Y., Laclau, J-P., Epron, D., Kinana, A., Mabiala, A., Roupsard, O., Bonnefond, J-M., Le Maire, G., Marsden, C., Saint-Andr_, L., 2010. Within-stand and seasonal variations of specific leaf area in a clonal Eucalyptus plantation in the Republic of Congo. Forest Ecology and Management, 259: 1796_1807. "
Nouvellon et al. (2010),7-Jun-06,Myrtaceae,Eucalyptus urophylla * Eucalyptus grandis (clone),4.06,33.705,0.003693,0.017579,20.45,14.25,3.532,,,,0.105,EA,PM,6,6,Kissoko (Congo),-4.7914,11.9822,TropSF,2.3421,1200,25,"Nouvellon, Y., Laclau, J-P., Epron, D., Kinana, A., Mabiala, A., Roupsard, O., Bonnefond, J-M., Le Maire, G., Marsden, C., Saint-Andr_, L., 2010. Within-stand and seasonal variations of specific leaf area in a clonal Eucalyptus plantation in the Republic of Congo. Forest Ecology and Management, 259: 1796_1807. "
Nouvellon et al. (2010),7-Jun-06,Myrtaceae,Eucalyptus urophylla * Eucalyptus grandis (clone),4.06,37.875,0.003783,0.020294,21.2,13.8,4.21,,,,0.111,EA,PM,7,7,Kissoko (Congo),-4.7914,11.9822,TropSF,2.3421,1200,25,"Nouvellon, Y., Laclau, J-P., Epron, D., Kinana, A., Mabiala, A., Roupsard, O., Bonnefond, J-M., Le Maire, G., Marsden, C., Saint-Andr_, L., 2010. Within-stand and seasonal variations of specific leaf area in a clonal Eucalyptus plantation in the Republic of Congo. Forest Ecology and Management, 259: 1796_1807. "
Nouvellon et al. (2010),7-Jun-06,Myrtaceae,Eucalyptus urophylla * Eucalyptus grandis (clone),4.06,50.457,0.003657,0.023636,20.9,12.1,5.665,,,,0.112,EA,PM,8,8,Kissoko (Congo),-4.7914,11.9822,TropSF,2.3421,1200,25,"Nouvellon, Y., Laclau, J-P., Epron, D., Kinana, A., Mabiala, A., Roupsard, O., Bonnefond, J-M., Le Maire, G., Marsden, C., Saint-Andr_, L., 2010. Within-stand and seasonal variations of specific leaf area in a clonal Eucalyptus plantation in the Republic of Congo. Forest Ecology and Management, 259: 1796_1807. "
Nouvellon et al. (2010),7-Jun-06,Myrtaceae,Eucalyptus urophylla * Eucalyptus grandis (clone),4.06,61.869,0.003668,0.027701,21.95,9.05,6.883,,,,0.111,EA,PM,9,9,Kissoko (Congo),-4.7914,11.9822,TropSF,2.3421,1200,25,"Nouvellon, Y., Laclau, J-P., Epron, D., Kinana, A., Mabiala, A., Roupsard, O., Bonnefond, J-M., Le Maire, G., Marsden, C., Saint-Andr_, L., 2010. Within-stand and seasonal variations of specific leaf area in a clonal Eucalyptus plantation in the Republic of Congo. Forest Ecology and Management, 259: 1796_1807. "