Nutrition,age,a.lf,a.ss,a.sh,a.st,a.st1,a.cp,a.cs,h.t,h.c,m.lf,m.st,m.sb,m.br,m.br,m.rf,m.rc,n.lf,n.ss,n.sb,n.rf,pft,growingCondition,status,light,group,location,latitude,longitude,vegetation,lai,map,mat
0 K - 0 Na,0.5,0.26,,,,,52,0.21,48,48,0.02,,,,,,,,,,,EA,PM,0,,K-depleted soil,"Itatinga, E102",-23.04472222,-48.63,TropSF,,1360,20
0 K - 0 Na,0.5,0.49,,,,,61,0.29,57,57,0.03,,,,,,,,,,,EA,PM,0,,K-depleted soil,"Itatinga, E102",-23.04472222,-48.63,TropSF,,1360,20
0 K - 0 Na,0.5,0.4,,,,,62,0.3,66,66,0.03,,,,,,,,,,,EA,PM,1,,K-depleted soil,"Itatinga, E102",-23.04472222,-48.63,TropSF,,1360,20
0 K - 0 Na,0.5,1.24,,,,,87,0.59,75,75,0.07,,,,,,,,,,,EA,PM,1,,K-depleted soil,"Itatinga, E102",-23.04472222,-48.63,TropSF,,1360,20
0 K - 0 Na,0.5,1.13,,,,,96,0.72,84,84,0.09,,,,,,,,,,,EA,PM,2,,K-depleted soil,"Itatinga, E102",-23.04472222,-48.63,TropSF,,1360,20
0 K - 0 Na,0.5,1.07,,,,,83,0.53,93,93,0.08,,,,,,,,,,,EA,PM,2,,K-depleted soil,"Itatinga, E102",-23.04472222,-48.63,TropSF,,1360,20
0 K - 0 Na,0.5,1.76,,,,,94,0.69,102,102,0.13,,,,,,,,,,,EA,PM,3,,K-depleted soil,"Itatinga, E102",-23.04472222,-48.63,TropSF,,1360,20
0 K - 0 Na,0.5,0.91,,,,,74,0.43,88,88,0.05,,,,,,,,,,,EA,PM,3,,K-depleted soil,"Itatinga, E102",-23.04472222,-48.63,TropSF,,1360,20
0 K - 0 Na,0.75,7.68,,,,,182,2.59,1.6,1.6,0.56,,,,,,,,,,,EA,PM,0,,K-depleted soil,"Itatinga, E102",-23.04472222,-48.63,TropSF,,1360,20
0 K - 0 Na,0.75,4.92,,,,,189,2.81,1.9,1.9,0.35,,,,,,,,,,,EA,PM,0,,K-depleted soil,"Itatinga, E102",-23.04472222,-48.63,TropSF,,1360,20
0 K - 0 Na,0.75,7.63,,,,,203,3.22,2,2,0.64,,,,,,,,,,,EA,PM,1,,K-depleted soil,"Itatinga, E102",-23.04472222,-48.63,TropSF,,1360,20
0 K - 0 Na,0.75,6.25,,,,,208,3.38,2.3,2.3,0.5,,,,,,,,,,,EA,PM,1,,K-depleted soil,"Itatinga, E102",-23.04472222,-48.63,TropSF,,1360,20
0 K - 0 Na,0.75,16.9,,,,,280,6.16,2.6,2.6,1.21,,,,,,,,,,,EA,PM,2,,K-depleted soil,"Itatinga, E102",-23.04472222,-48.63,TropSF,,1360,20
0 K - 0 Na,0.75,23.11,,,,,203,3.22,2.8,2.8,1.47,,,,,,,,,,,EA,PM,2,,K-depleted soil,"Itatinga, E102",-23.04472222,-48.63,TropSF,,1360,20
0 K - 0 Na,0.75,18.96,,,,,273,5.85,3,3,1.4,,,,,,,,,,,EA,PM,3,,K-depleted soil,"Itatinga, E102",-23.04472222,-48.63,TropSF,,1360,20
0 K - 0 Na,0.75,22.55,,,,,250,4.91,3.4,3.4,1.36,,,,,,,,,,,EA,PM,3,,K-depleted soil,"Itatinga, E102",-23.04472222,-48.63,TropSF,,1360,20
0 K - 0 Na,1,3.6,,,1.99,,,,2.4,1.6,0.23,0.21,0.054,0.304,0,,,0.0015,0.0026,0.0044,,EA,PM,0,1,K-depleted soil,"Itatinga, E102",-23.04472222,-48.63,TropSF,1.4,1360,20
0 K - 0 Na,1,7.85,1.54,0,4.48,1.54,,,3.3,2.4,0.58,0.39,0.131,1.143,0,,,0.0016,0.0026,0.0043,,EA,PM,0,,K-depleted soil,"Itatinga, E102",-23.04472222,-48.63,TropSF,1.4,1360,20
0 K - 0 Na,1,12.78,3.26,0,7.96,3.26,,,4.3,3.5,0.88,0.83,0.233,1.72,0,,,0.0018,0.0023,0.005,,EA,PM,1,,K-depleted soil,"Itatinga, E102",-23.04472222,-48.63,TropSF,1.4,1360,20
0 K - 0 Na,1,14.54,6.3,0,12.04,6.3,,,4.5,3.6,1.19,1.1,0.266,1.574,0,,,0.0021,0.0028,0.004,,EA,PM,1,,K-depleted soil,"Itatinga, E102",-23.04472222,-48.63,TropSF,1.4,1360,20
0 K - 0 Na,1,14.83,9.63,0,13.45,9.63,,,5.2,4.4,1.14,1.56,0.286,2.492,0,,,0.0018,0.0024,0.005,,EA,PM,2,,K-depleted soil,"Itatinga, E102",-23.04472222,-48.63,TropSF,1.4,1360,20
0 K - 0 Na,1,18.06,11.27,0,19.37,11.27,,,4.9,4,1.65,1.73,0.403,2.26,0,,,0.002,0.0026,0.0039,,EA,PM,2,,K-depleted soil,"Itatinga, E102",-23.04472222,-48.63,TropSF,1.4,1360,20
0 K - 0 Na,1,27.55,14.94,0,21.66,14.94,,,6,5,2.5,2.46,0.697,2.356,0,,,0.0017,0.0025,0.0033,,EA,PM,3,,K-depleted soil,"Itatinga, E102",-23.04472222,-48.63,TropSF,1.4,1360,20
0 K - 0 Na,1,34.15,17.9,0,21.66,17.9,,,6.6,5.5,2.72,3.19,0.65,3.949,0,,,0.0018,0.0025,0.0035,,EA,PM,3,,K-depleted soil,"Itatinga, E102",-23.04472222,-48.63,TropSF,1.4,1360,20
0 K - 0 Na,2,3.54,0,0,8.28,,,,6.6,3.7,0.28,1.07,0.33,0.33,0.13,,,0.0016,0.0012,0.0034,,EA,PM,0,,K-depleted soil,"Itatinga, E102",-23.04472222,-48.63,TropSF,2.7,1360,20
0 K - 0 Na,2,4.51,15.6,0,17.9,15.6,,,8.5,5.7,0.47,2.51,0.719,0.658,0.784,,,0.0024,0.0013,0.0034,,EA,PM,0,,K-depleted soil,"Itatinga, E102",-23.04472222,-48.63,TropSF,2.7,1360,20
0 K - 0 Na,2,28.18,34.43,0,38.87,34.43,,,8.4,7.6,2.78,5.44,1.428,5.364,0.956,,,0.002,0.0017,0.0036,,EA,PM,1,,K-depleted soil,"Itatinga, E102",-23.04472222,-48.63,TropSF,2.7,1360,20
0 K - 0 Na,2,13.34,24.37,0,33.77,24.37,,,8.8,6,1.18,5.15,1.144,2.203,1.594,,,0.0019,0.0013,0.0031,,EA,PM,1,,K-depleted soil,"Itatinga, E102",-23.04472222,-48.63,TropSF,2.7,1360,20
0 K - 0 Na,2,41.81,54.21,0,71.62,54.21,,,10.9,8.7,4.39,11.45,2.359,7.305,1.63,,,0.0021,0.0015,0.0034,,EA,PM,2,,K-depleted soil,"Itatinga, E102",-23.04472222,-48.63,TropSF,2.7,1360,20
0 K - 0 Na,2,47.46,70.19,0,74.51,70.19,,,10.7,9.5,5.9,14.04,3.346,8.751,1.126,,,0.0022,0.0016,0.0031,,EA,PM,2,,K-depleted soil,"Itatinga, E102",-23.04472222,-48.63,TropSF,2.7,1360,20
0 K - 0 Na,2,44,78.96,0,92.53,78.96,,,13.2,9.2,4.45,18.53,3.628,6.256,2.84,,,0.002,0.0011,0.003,,EA,PM,3,,K-depleted soil,"Itatinga, E102",-23.04472222,-48.63,TropSF,2.7,1360,20
0 K - 0 Na,2,75.69,100.29,0,111.91,100.29,,,14.1,11.5,7.84,25.49,4.512,9.918,2.651,,,0.0019,0.0012,0.0032,,EA,PM,3,,K-depleted soil,"Itatinga, E102",-23.04472222,-48.63,TropSF,2.7,1360,20
0 K - 0 Na,3,1.78,2.97,3.47,9.98,6.45,88,0.61,8,0.8,0.13,1.24,0.336,0.179,0.467,,,0.0022,0.0016,0.0042,,EA,PM,0,,K-depleted soil,"Itatinga, E102",-23.04472222,-48.63,TropSF,2.4,1360,20
0 K - 0 Na,3,4.84,10.35,16.88,34.76,27.24,91,0.65,10.9,2.4,0.34,6.29,1.132,0.611,1.982,,,0.0018,0.0014,0.0033,,EA,PM,0,,K-depleted soil,"Itatinga, E102",-23.04472222,-48.63,TropSF,2.4,1360,20
0 K - 0 Na,3,7.42,12,18.26,40.29,30.26,88,0.61,12.3,,0.48,7.48,1.507,0.778,2.346,,,0.0018,0.0015,0.0034,,EA,PM,1,,K-depleted soil,"Itatinga, E102",-23.04472222,-48.63,TropSF,2.4,1360,20
0 K - 0 Na,3,18.53,16.9,26.31,56.73,43.2,87,0.59,14.4,3,1.47,10.09,5.083,1.303,1.386,,,0.0017,0.0013,0.0029,,EA,PM,1,,K-depleted soil,"Itatinga, E102",-23.04472222,-48.63,TropSF,2.4,1360,20
0 K - 0 Na,3,19.64,23.22,36.53,77.96,59.74,96,0.72,13.3,5.9,1.65,13.53,2.982,3.946,1.327,,,0.0024,0.0015,0.003,,EA,PM,2,,K-depleted soil,"Itatinga, E102",-23.04472222,-48.63,TropSF,2.4,1360,20
0 K - 0 Na,3,27.19,22.78,36.53,76.47,59.31,106,0.87,12.8,3.2,2.28,17.2,3.83,2.581,2.931,,,0.0018,0.0013,0.0029,,EA,PM,2,,K-depleted soil,"Itatinga, E102",-23.04472222,-48.63,TropSF,2.4,1360,20
0 K - 0 Na,3,57.7,32.62,60.46,109.53,93.08,106,0.88,14,,3.73,25.49,5.133,4.668,5.002,,,0.0013,0.0011,0.0028,,EA,PM,3,,K-depleted soil,"Itatinga, E102",-23.04472222,-48.63,TropSF,2.4,1360,20
0 K - 0 Na,3,40.27,41.81,73.1,140.37,114.91,113,0.99,16,7.6,4.21,31.83,6.719,5.818,4.924,,,0.0022,0.0016,0.0033,,EA,PM,3,,K-depleted soil,"Itatinga, E102",-23.04472222,-48.63,TropSF,2.4,1360,20
0 K - 0 Na,4,5.31,17.53,5.1,25.78,22.63,107,0.89,12.2,1.8,0.52,6.34,1.113,0.351,0.164,,,0.0021,0.0011,0.0045,,EA,PM,0,,K-depleted soil,"Itatinga, E102",-23.04472222,-48.63,TropSF,2.2,1360,20
0 K - 0 Na,4,11.03,28.09,19.98,53.79,48.07,139,1.52,14.4,3.6,1.08,14.98,2.425,1.213,0.921,,,0.0022,0.0014,0.0037,,EA,PM,0,,K-depleted soil,"Itatinga, E102",-23.04472222,-48.63,TropSF,2.2,1360,20
0 K - 0 Na,4,17.65,28.63,35.6,76.47,64.23,133,1.38,16.4,5.8,1.67,21.28,4.57,2.568,3.833,,,0.0023,0.0013,0.0031,,EA,PM,1,,K-depleted soil,"Itatinga, E102",-23.04472222,-48.63,TropSF,2.2,1360,20
0 K - 0 Na,4,18.71,36.44,37.59,89.31,74.03,155,1.89,16.8,3.6,1.83,24.34,4.506,2.24,2.459,,,0.0023,0.0011,0.0036,,EA,PM,1,,K-depleted soil,"Itatinga, E102",-23.04472222,-48.63,TropSF,2.2,1360,20
0 K - 0 Na,4,20.6,47.18,33.41,97.48,80.59,152,1.81,16.8,4.9,2.12,27.01,3.946,2.407,5.438,,,0.0024,0.0013,0.0039,,EA,PM,2,,K-depleted soil,"Itatinga, E102",-23.04472222,-48.63,TropSF,2.2,1360,20
0 K - 0 Na,4,19.44,50.92,54.11,124.16,105.03,164,2.11,17.8,3.9,2.45,36.18,5.305,4.131,1.216,,,0.0028,0.0009,0.0038,,EA,PM,2,,K-depleted soil,"Itatinga, E102",-23.04472222,-48.63,TropSF,2.2,1360,20
0 K - 0 Na,4,26.64,56.75,58.57,140.37,115.33,170,2.27,18.5,6,3.01,45.04,8.359,5.1,2.276,,,0.0026,0.0011,0.0032,,EA,PM,3,,K-depleted soil,"Itatinga, E102",-23.04472222,-48.63,TropSF,2.2,1360,20
0 K - 0 Na,4,34.03,68.05,73.08,172.07,141.14,175,2.4,18.8,5.4,3.88,57.83,10.258,7.71,3.411,,,0.0024,0.001,0.0033,,EA,PM,3,,K-depleted soil,"Itatinga, E102",-23.04472222,-48.63,TropSF,2.2,1360,20
0 K - 0 Na,5,8.44,12.54,24.59,42.1,37.13,113,1.01,12,1.6,0.68,8.31,0.985,0.786,0.891,0.217,1.378,0.0019,0.0014,0.0042,0.0088,EA,PM,0,,K-depleted soil,"Itatinga, E102",-23.04472222,-48.63,TropSF,2.3,1360,20
0 K - 0 Na,5,9.38,21.19,37.69,71.14,58.87,83,0.53,18.3,2,1.21,25.91,4.208,1.109,0.444,0.217,,0.0026,0.001,0.0029,0.0088,EA,PM,0,,K-depleted soil,"Itatinga, E102",-23.04472222,-48.63,TropSF,2.3,1360,20
0 K - 0 Na,5,15.62,25.19,48.84,84.57,74.03,108,0.91,18.1,2.5,2.03,28.47,4.977,1.644,0.523,0.217,3.18,0.0025,0.0011,0.0037,0.0088,EA,PM,1,,K-depleted soil,"Itatinga, E102",-23.04472222,-48.63,TropSF,2.3,1360,20
0 K - 0 Na,5,14.79,31.57,59.88,106.02,91.45,148,1.71,19.2,3.6,1.96,35.01,5.234,1.978,1.197,0.217,5.531,0.0026,0.0013,0.0031,0.0088,EA,PM,1,,K-depleted soil,"Itatinga, E102",-23.04472222,-48.63,TropSF,2.3,1360,20
0 K - 0 Na,5,20.44,37.17,70.6,124.79,107.77,145,1.65,19.5,3.2,2.88,36.86,7.361,2.439,1.89,0.217,5.724,0.0027,0.0011,0.0033,0.0088,EA,PM,2,,K-depleted soil,"Itatinga, E102",-23.04472222,-48.63,TropSF,2.3,1360,20
0 K - 0 Na,5,25.07,41.21,68.32,138.38,109.53,143,1.59,19.5,3.6,3.31,34.72,7.333,3.086,0.167,0.217,,0.0026,0.0011,0.0041,0.0088,EA,PM,2,,K-depleted soil,"Itatinga, E102",-23.04472222,-48.63,TropSF,2.3,1360,20
0 K - 0 Na,5,28.77,46.93,91.45,157.58,138.38,150,1.77,20.6,4,4,57.66,7.929,4.568,0.975,0.217,9.839,0.0028,0.0012,0.0031,0.0088,EA,PM,3,,K-depleted soil,"Itatinga, E102",-23.04472222,-48.63,TropSF,2.3,1360,20
0 K - 0 Na,5,26.23,58.07,116.22,194.98,174.29,178,2.47,22,5.7,4.35,74.3,10.857,8.921,1.527,0.217,,0.0025,0.0012,0.0034,0.0088,EA,PM,3,,K-depleted soil,"Itatinga, E102",-23.04472222,-48.63,TropSF,2.3,1360,20
0 K - 0 Na,6,3.57,12.87,23.58,43.2,36.44,78,0.47,15.6,0.9,0.38,12.4,1.857,0.221,0,,1.665,0.0025,0.0013,0.0033,,EA,PM,0,,K-depleted soil,"Itatinga, E102",-23.04472222,-48.63,TropSF,2.9,1360,20
0 K - 0 Na,6,7.29,17.15,29.84,57.58,46.99,108,0.91,16.6,1.2,0.75,18.18,2.632,0.534,0,,,0.0025,0.0011,0.0038,,EA,PM,0,,K-depleted soil,"Itatinga, E102",-23.04472222,-48.63,TropSF,2.9,1360,20
0 K - 0 Na,6,14.69,24.57,44.68,82.51,69.25,114,1.02,18,2,1.79,30.58,5.018,1.67,0,,2.881,0.0025,0.0015,0.0038,,EA,PM,1,,K-depleted soil,"Itatinga, E102",-23.04472222,-48.63,TropSF,2.9,1360,20
0 K - 0 Na,6,13.51,29.03,55.02,97.48,84.05,130,1.33,18.1,2.4,1.75,28.28,5.049,1.749,0,,,0.0025,0.0011,0.0034,,EA,PM,1,,K-depleted soil,"Itatinga, E102",-23.04472222,-48.63,TropSF,2.9,1360,20
0 K - 0 Na,6,18.87,33.86,57.59,113.7,91.45,150,1.77,20.2,2,2.1,43.02,5.628,1.8,0,,6.159,0.0025,0.0011,0.0037,,EA,PM,2,,K-depleted soil,"Itatinga, E102",-23.04472222,-48.63,TropSF,2.9,1360,20
0 K - 0 Na,6,25.29,44.85,75.57,150.58,120.42,160,2.01,18.9,2.5,3.07,51.24,9.401,3.455,0,,,0.0025,0.0013,0.0045,,EA,PM,2,,K-depleted soil,"Itatinga, E102",-23.04472222,-48.63,TropSF,2.9,1360,20
0 K - 0 Na,6,31.84,46.51,75.77,156.17,122.28,169,2.24,21.2,3.3,3.92,58.65,7.484,3.345,0,,6.52,0.0025,0.001,0.0051,,EA,PM,3,,K-depleted soil,"Itatinga, E102",-23.04472222,-48.63,TropSF,2.9,1360,20
0 K - 0 Na,6,61.27,81.38,133.79,273.27,215.18,218,3.72,21.7,5.7,8.88,101.63,12.063,14.207,3.22,,16.101,0.0025,0.0011,0.0045,,EA,PM,3,,K-depleted soil,"Itatinga, E102",-23.04472222,-48.63,TropSF,2.9,1360,20
0 K - 0 Na,7,,13.42,,45.08,,,,13.6,,0.63,,0.121,0.454,,,,,,,,EA,PM,0,,K-depleted soil,"Itatinga, E102",-23.04472222,-48.63,TropSF,,1360,20
0 K - 0 Na,7,,19.93,,66.92,,,,17.9,,0.95,,0.187,0.82,,,,,,,,EA,PM,0,,K-depleted soil,"Itatinga, E102",-23.04472222,-48.63,TropSF,,1360,20
0 K - 0 Na,7,,27.4,,91.99,,,,17.9,,1.95,,0.207,2.145,,,,,,,,EA,PM,1,,K-depleted soil,"Itatinga, E102",-23.04472222,-48.63,TropSF,,1360,20
0 K - 0 Na,7,,34.76,,116.73,,,,20.7,,3.73,,0.232,0.25,,,,,,,,EA,PM,1,,K-depleted soil,"Itatinga, E102",-23.04472222,-48.63,TropSF,,1360,20
0 K - 0 Na,7,,39.07,,131.17,,,,20.7,,1.92,,0.395,2.118,,,,,,,,EA,PM,2,,K-depleted soil,"Itatinga, E102",-23.04472222,-48.63,TropSF,,1360,20
0 K - 0 Na,7,,47.57,,159.72,,,,20.5,,3.36,,0.468,5.22,,,,,,,,EA,PM,2,,K-depleted soil,"Itatinga, E102",-23.04472222,-48.63,TropSF,,1360,20
0 K - 0 Na,7,,55.52,,186.42,,,,22.3,,5.13,,0.572,6.37,,,,,,,,EA,PM,3,,K-depleted soil,"Itatinga, E102",-23.04472222,-48.63,TropSF,,1360,20
0 K - 0 Na,7,,62.61,,210.24,,,,21.5,,4.2,,0.708,5.834,,,,,,,,EA,PM,3,,K-depleted soil,"Itatinga, E102",-23.04472222,-48.63,TropSF,,1360,20
0.45 mol K m-2,0.5,0.07,,,,,32,0.08,0.5,0.5,0.01,,,,,,,,,,,EA,PM,0,,Non limiting nutrition,"Itatinga, E102",-23.04472222,-48.63,TropSF,,1360,20
0.45 mol K m-2,0.5,0.57,,,,,69,0.37,0.6,0.6,0.04,,,,,,,,,,,EA,PM,0,,Non limiting nutrition,"Itatinga, E102",-23.04472222,-48.63,TropSF,,1360,20
0.45 mol K m-2,0.5,0.92,,,,,72,0.41,0.8,0.8,0.07,,,,,,,,,,,EA,PM,1,,Non limiting nutrition,"Itatinga, E102",-23.04472222,-48.63,TropSF,,1360,20
0.45 mol K m-2,0.5,1.05,,,,,94,0.69,0.9,0.9,0.07,,,,,,,,,,,EA,PM,1,,Non limiting nutrition,"Itatinga, E102",-23.04472222,-48.63,TropSF,,1360,20
0.45 mol K m-2,0.5,1.32,,,,,80,0.5,1,1,0.08,,,,,,,,,,,EA,PM,2,,Non limiting nutrition,"Itatinga, E102",-23.04472222,-48.63,TropSF,,1360,20
0.45 mol K m-2,0.5,2.03,,,,,100,0.79,1.1,1.1,0.13,,,,,,,,,,,EA,PM,2,,Non limiting nutrition,"Itatinga, E102",-23.04472222,-48.63,TropSF,,1360,20
0.45 mol K m-2,0.5,1.64,,,,,97,0.73,1.2,1.2,0.14,,,,,,,,,,,EA,PM,3,,Non limiting nutrition,"Itatinga, E102",-23.04472222,-48.63,TropSF,,1360,20
0.45 mol K m-2,0.5,2.22,,,,,100,0.79,1.3,1.3,0.13,,,,,,,,,,,EA,PM,3,,Non limiting nutrition,"Itatinga, E102",-23.04472222,-48.63,TropSF,,1360,20
0.45 mol K m-2,0.8,12.97,,,,,210,3.45,2.3,2.3,0.85,,,,,,,,,,,EA,PM,0,,Non limiting nutrition,"Itatinga, E102",-23.04472222,-48.63,TropSF,,1360,20
0.45 mol K m-2,0.8,14.91,,,,,255,5.09,2.5,2.5,1.24,,,,,,,,,,,EA,PM,0,,Non limiting nutrition,"Itatinga, E102",-23.04472222,-48.63,TropSF,,1360,20
0.45 mol K m-2,0.8,3.76,,,,,210,3.46,2.7,2.7,0.32,,,,,,,,,,,EA,PM,1,,Non limiting nutrition,"Itatinga, E102",-23.04472222,-48.63,TropSF,,1360,20
0.45 mol K m-2,0.8,12.89,,,,,223,3.91,2.9,2.9,1,,,,,,,,,,,EA,PM,1,,Non limiting nutrition,"Itatinga, E102",-23.04472222,-48.63,TropSF,,1360,20
0.45 mol K m-2,0.8,13.86,,,,,222,3.87,3.2,3.2,0.96,,,,,,,,,,,EA,PM,2,,Non limiting nutrition,"Itatinga, E102",-23.04472222,-48.63,TropSF,,1360,20
0.45 mol K m-2,0.8,15.98,,,,,250,4.91,3.4,3.4,1.16,,,,,,,,,,,EA,PM,2,,Non limiting nutrition,"Itatinga, E102",-23.04472222,-48.63,TropSF,,1360,20
0.45 mol K m-2,0.8,25.62,,,,,276,5.98,3.6,3.6,1.83,,,,,,,,,,,EA,PM,3,,Non limiting nutrition,"Itatinga, E102",-23.04472222,-48.63,TropSF,,1360,20
0.45 mol K m-2,0.8,24.93,,,,,280,6.16,4,4,2.07,,,,,,,,,,,EA,PM,3,,Non limiting nutrition,"Itatinga, E102",-23.04472222,-48.63,TropSF,,1360,20
0.45 mol K m-2,1,3.64,3.16,0,3.9,3.16,,,3.7,2.5,0.21,0.48,0.39,0.975,,,,0.002,0.003,0.006,,EA,PM,0,,Non limiting nutrition,"Itatinga, E102",-23.04472222,-48.63,TropSF,3,1360,20
0.45 mol K m-2,1,4.84,2.86,0,3.9,2.86,,,2.9,2.2,0.33,0.45,0.826,1.288,,,,0.002,0.004,0.005,,EA,PM,0,,Non limiting nutrition,"Itatinga, E102",-23.04472222,-48.63,TropSF,3,1360,20
0.45 mol K m-2,1,9.04,5.48,0,7.18,5.48,,,3.6,2.6,0.59,0.77,0.826,1.735,,,,0.002,0.004,0.004,,EA,PM,1,,Non limiting nutrition,"Itatinga, E102",-23.04472222,-48.63,TropSF,3,1360,20
0.45 mol K m-2,1,7.75,7.96,0,9.63,7.96,,,4.4,3.3,0.63,0.92,4.164,1.2,,,,0.002,0.003,0.004,,EA,PM,1,,Non limiting nutrition,"Itatinga, E102",-23.04472222,-48.63,TropSF,3,1360,20
0.45 mol K m-2,1,13.89,11.27,0,13.66,11.27,,,5,3.5,0.97,1.39,2.971,1.503,,,,0.002,0.003,0.003,,EA,PM,2,,Non limiting nutrition,"Itatinga, E102",-23.04472222,-48.63,TropSF,3,1360,20
0.45 mol K m-2,1,21.55,14.08,0,17.9,14.08,,,6.2,5,1.76,2.22,2.856,2.4,,,,0.002,0.002,0.004,,EA,PM,2,,Non limiting nutrition,"Itatinga, E102",-23.04472222,-48.63,TropSF,3,1360,20
0.45 mol K m-2,1,35.2,18.63,0,21.66,18.63,,,6.4,5,2.36,2.77,3.601,4.085,,,,0.002,0.002,0.004,,EA,PM,3,,Non limiting nutrition,"Itatinga, E102",-23.04472222,-48.63,TropSF,3,1360,20
0.45 mol K m-2,1,33.83,24.09,0,27.24,24.09,,,6.6,5.5,2.78,3.39,3.989,3.61,,,,0.002,0.002,0.004,,EA,PM,3,,Non limiting nutrition,"Itatinga, E102",-23.04472222,-48.63,TropSF,3,1360,20
0.45 mol K m-2,2,5.24,11.84,0,12.43,11.84,,,8,5.6,0.48,1.53,0.606,0.422,0.164,,,0.002,0.001,0.004,,EA,PM,0,,Non limiting nutrition,"Itatinga, E102",-23.04472222,-48.63,TropSF,5.2,1360,20
0.45 mol K m-2,2,11.76,20.12,0,23.27,20.12,,,9.8,9.4,0.84,3.79,1.346,1.105,0.684,,,0.001,0.001,0.003,,EA,PM,0,,Non limiting nutrition,"Itatinga, E102",-23.04472222,-48.63,TropSF,5.2,1360,20
0.45 mol K m-2,2,16.17,25.78,0,25.78,25.78,,,10.4,9.7,1.2,4.4,2.756,1.834,0.896,,,0.001,0.001,0.004,,EA,PM,1,,Non limiting nutrition,"Itatinga, E102",-23.04472222,-48.63,TropSF,5.2,1360,20
0.45 mol K m-2,2,40.53,84.05,0,100.29,84.05,,,14.1,10.2,4.78,21.04,4.017,5.257,1.862,,,0.002,0.001,0.003,,EA,PM,1,,Non limiting nutrition,"Itatinga, E102",-23.04472222,-48.63,TropSF,5.2,1360,20
0.45 mol K m-2,2,35.83,62.39,0,74.03,62.39,,,13,9.4,4.3,15.6,7.441,4.146,1.305,,,0.002,0.001,0.003,,EA,PM,2,,Non limiting nutrition,"Itatinga, E102",-23.04472222,-48.63,TropSF,5.2,1360,20
0.45 mol K m-2,2,45.02,72.58,0,84.05,72.58,,,13.2,9.5,4.72,16.39,5.655,3.865,1.517,,,0.002,0.001,0.003,,EA,PM,2,,Non limiting nutrition,"Itatinga, E102",-23.04472222,-48.63,TropSF,5.2,1360,20
0.45 mol K m-2,2,44.35,78.46,0,91.99,78.46,,,14.3,13.9,5.01,20.98,6.708,6.642,1.639,,,0.002,0.001,0.004,,EA,PM,3,,Non limiting nutrition,"Itatinga, E102",-23.04472222,-48.63,TropSF,5.2,1360,20
0.45 mol K m-2,2,45.13,97.48,0,112.5,97.48,,,13.6,11.2,4.59,23.46,7.807,5.26,2.203,,,0.002,0.001,0.003,,EA,PM,3,,Non limiting nutrition,"Itatinga, E102",-23.04472222,-48.63,TropSF,5.2,1360,20
0.45 mol K m-2,3,2.16,5.84,9.09,19.62,14.94,121,1.15,8.5,3.4,0.25,2.48,2.067,1.103,1.503,,,0.003,0.001,0.003,,EA,PM,0,,Non limiting nutrition,"Itatinga, E102",-23.04472222,-48.63,TropSF,5.4,1360,20
0.45 mol K m-2,3,7.5,9.01,13.18,30.26,22.19,137,1.48,11.9,2.8,0.91,7.29,5.559,0.72,1.569,,,0.003,0.001,0.003,,EA,PM,0,,Non limiting nutrition,"Itatinga, E102",-23.04472222,-48.63,TropSF,5.4,1360,20
0.45 mol K m-2,3,21.41,21.19,35.54,71.14,56.73,96,0.72,16.6,7.3,2.09,17.81,5.4,2.631,0.929,,,0.002,0.002,0.004,,EA,PM,1,,Non limiting nutrition,"Itatinga, E102",-23.04472222,-48.63,TropSF,5.4,1360,20
0.45 mol K m-2,3,29.92,27.24,43.43,91.45,70.67,153,1.83,16.6,8,2.47,26.21,6.918,8.068,2.539,,,0.002,0.001,0.003,,EA,PM,1,,Non limiting nutrition,"Itatinga, E102",-23.04472222,-48.63,TropSF,5.4,1360,20
0.45 mol K m-2,3,28.26,30.89,51.62,103.71,82.51,119,1.12,16.5,6.2,2.85,37.28,7.86,4.366,2.149,,,0.002,0.001,0.003,,EA,PM,2,,Non limiting nutrition,"Itatinga, E102",-23.04472222,-48.63,TropSF,5.4,1360,20
0.45 mol K m-2,3,43.66,36.79,60.14,123.53,96.93,101,0.8,17.9,6.7,4.15,35.04,9.76,5.884,5.409,,,0.002,0.001,0.003,,EA,PM,2,,Non limiting nutrition,"Itatinga, E102",-23.04472222,-48.63,TropSF,5.4,1360,20
0.45 mol K m-2,3,51.76,41.81,71.3,140.37,113.1,143,1.61,17,7.7,4.9,40.27,11.518,7.232,3.053,,,0.002,0.002,0.003,,EA,PM,3,,Non limiting nutrition,"Itatinga, E102",-23.04472222,-48.63,TropSF,5.4,1360,20
0.45 mol K m-2,3,44.66,48.85,85.57,164.02,134.42,120,1.14,18.4,7.5,4.89,45.13,12.222,7.104,7.323,,,0.003,0.001,0.003,,EA,PM,3,,Non limiting nutrition,"Itatinga, E102",-23.04472222,-48.63,TropSF,5.4,1360,20
0.45 mol K m-2,4,6.9,21.62,18,47.77,39.61,92,0.66,13.6,2.4,0.6,10.17,2.309,0.758,0.482,,,0.002,0.001,0.004,,EA,PM,0,,Non limiting nutrition,"Itatinga, E102",-23.04472222,-48.63,TropSF,4.5,1360,20
0.45 mol K m-2,4,11.77,41.6,32.15,89.31,73.75,107,0.89,19.2,4.7,1.42,30.41,4.823,1.56,0.272,,,0.003,0.001,0.003,,EA,PM,0,,Non limiting nutrition,"Itatinga, E102",-23.04472222,-48.63,TropSF,4.5,1360,20
0.45 mol K m-2,4,22.67,39.83,49.2,111.91,89.03,120,1.13,18.6,6,2.67,32.27,5.882,2.666,1.813,,,0.002,0.001,0.003,,EA,PM,1,,Non limiting nutrition,"Itatinga, E102",-23.04472222,-48.63,TropSF,4.5,1360,20
0.45 mol K m-2,4,20.04,40.32,52.39,117.95,92.72,131,1.34,19.7,4.2,2.51,41.08,9.005,2.624,1.997,,,0.003,0.001,0.004,,EA,PM,1,,Non limiting nutrition,"Itatinga, E102",-23.04472222,-48.63,TropSF,4.5,1360,20
0.45 mol K m-2,4,35.58,50.65,71.79,150.58,122.44,161,2.04,20.3,6.3,4.11,52.19,9.505,4.463,1.533,,,0.002,0.001,0.003,,EA,PM,2,,Non limiting nutrition,"Itatinga, E102",-23.04472222,-48.63,TropSF,4.5,1360,20
0.45 mol K m-2,4,42.59,78.2,75.43,179.55,153.63,178,2.5,21,6.9,4.92,66.16,12.904,7.511,1.63,,,0.002,0.001,0.003,,EA,PM,2,,Non limiting nutrition,"Itatinga, E102",-23.04472222,-48.63,TropSF,4.5,1360,20
0.45 mol K m-2,4,32.33,85.96,66.44,191.07,152.4,149,1.75,20.9,7.3,3.97,67.88,10.359,6.194,1.797,,,0.002,0.001,0.003,,EA,PM,3,,Non limiting nutrition,"Itatinga, E102",-23.04472222,-48.63,TropSF,4.5,1360,20
0.45 mol K m-2,4,62.18,98.26,80.14,240.72,178.39,189,2.79,21.2,9.4,8.01,81.14,13.181,14.444,8.054,,,0.003,0.001,0.003,,EA,PM,3,,Non limiting nutrition,"Itatinga, E102",-23.04472222,-48.63,TropSF,4.5,1360,20
0.45 mol K m-2,5,7.09,15.41,28.54,51.75,43.95,123,1.18,13.1,1.5,0.97,11.55,3.05,0.787,0.811,0.217,,0.002,0.001,0.003,0.008,EA,PM,0,,Non limiting nutrition,"Itatinga, E102",-23.04472222,-48.63,TropSF,4.4,1360,20
0.45 mol K m-2,5,15.09,29.03,51.95,97.48,80.98,93,0.67,20.1,3.5,2.1,35.5,6.458,1.415,0.288,0.217,,0.003,0.001,0.004,0.008,EA,PM,0,,Non limiting nutrition,"Itatinga, E102",-23.04472222,-48.63,TropSF,4.4,1360,20
0.45 mol K m-2,5,19.11,34.22,64.94,114.91,99.16,136,1.45,20.2,3.2,2.52,38.74,7.17,2.128,1.113,0.217,5.917,0.003,0.001,0.003,0.008,EA,PM,1,,Non limiting nutrition,"Itatinga, E102",-23.04472222,-48.63,TropSF,4.4,1360,20
0.45 mol K m-2,5,30.13,49.93,92.46,167.65,142.39,143,1.59,22.8,4.2,4.3,65.52,7.375,3.508,0.13,0.217,9.436,0.003,0.001,0.003,0.008,EA,PM,1,,Non limiting nutrition,"Itatinga, E102",-23.04472222,-48.63,TropSF,4.4,1360,20
0.45 mol K m-2,5,28.44,50.15,90.9,168.39,141.04,149,1.74,22.5,5,3.92,70.82,10.309,3.345,0.347,0.217,15.102,0.002,0.001,0.003,0.008,EA,PM,2,,Non limiting nutrition,"Itatinga, E102",-23.04472222,-48.63,TropSF,4.4,1360,20
0.45 mol K m-2,5,40.68,61.4,103.34,206.17,164.75,153,1.83,22.7,5.1,5.64,85.95,13.297,7.499,0.633,0.217,14.108,0.003,0.001,0.003,0.008,EA,PM,2,,Non limiting nutrition,"Itatinga, E102",-23.04472222,-48.63,TropSF,4.4,1360,20
0.45 mol K m-2,5,43.41,69.11,121.18,232.05,190.29,185,2.69,21.8,5,6.12,81.21,15.135,6.578,1.28,0.217,,0.003,0.001,0.003,0.008,EA,PM,3,,Non limiting nutrition,"Itatinga, E102",-23.04472222,-48.63,TropSF,4.4,1360,20
0.45 mol K m-2,5,50.9,82.5,150.41,277.01,232.91,160,2.01,24.6,6.4,6.79,116.99,18.541,7.28,1.14,0.217,24.022,0.003,0.001,0.003,0.008,EA,PM,3,,Non limiting nutrition,"Itatinga, E102",-23.04472222,-48.63,TropSF,4.4,1360,20
0.45 mol K m-2,6,6.78,22.48,40.8,75.49,63.28,149,1.74,18.4,3.6,0.71,19.71,0.059,1.05,0.34,,,0.003,0.001,0.004,,EA,PM,0,,Non limiting nutrition,"Itatinga, E102",-23.04472222,-48.63,TropSF,3.8,1360,20
0.45 mol K m-2,6,9.89,27.72,48.75,93.08,76.47,116,1.06,21.6,3,1.05,43.2,0.12,0.971,0,,2.878,0.003,0.001,0.004,,EA,PM,0,,Non limiting nutrition,"Itatinga, E102",-23.04472222,-48.63,TropSF,3.8,1360,20
0.45 mol K m-2,6,10.03,36.05,69.39,121.04,105.44,124,1.2,22.5,2.3,1.23,48.76,0.244,1.104,0.251,,5.625,0.003,0.003,0.003,,EA,PM,1,,Non limiting nutrition,"Itatinga, E102",-23.04472222,-48.63,TropSF,3.8,1360,20
0.45 mol K m-2,6,23.78,50.8,97.02,170.59,147.82,118,1.08,24.4,3.2,2.63,70.8,0.227,2.673,0,,,0.003,0.001,0.005,,EA,PM,1,,Non limiting nutrition,"Itatinga, E102",-23.04472222,-48.63,TropSF,3.8,1360,20
0.45 mol K m-2,6,32.49,56.9,104.24,191.07,161.14,160,2.01,23.9,5,4.18,89.56,0.34,5.383,0,,13.476,0.003,0.001,0.003,,EA,PM,2,,Non limiting nutrition,"Itatinga, E102",-23.04472222,-48.63,TropSF,3.8,1360,20
0.45 mol K m-2,6,31.14,65.82,122.91,221.01,188.73,160,2.01,25.4,5.5,3.79,98.68,0.419,5.198,2.042,,,0.003,0.002,0.006,,EA,PM,2,,Non limiting nutrition,"Itatinga, E102",-23.04472222,-48.63,TropSF,3.8,1360,20
0.45 mol K m-2,6,59.88,77,134.88,258.55,211.88,174,2.37,26.7,6.5,8.5,123.08,0.457,6.131,0,,12.83,0.003,0.001,0.004,,EA,PM,3,,Non limiting nutrition,"Itatinga, E102",-23.04472222,-48.63,TropSF,3.8,1360,20
0.45 mol K m-2,6,45.73,89.64,148.46,300.98,238.1,164,2.11,27.8,7.2,6.04,145.33,0.602,9.388,0,,22.489,0.003,0.001,0.003,,EA,PM,3,,Non limiting nutrition,"Itatinga, E102",-23.04472222,-48.63,TropSF,3.8,1360,20
0.45 mol K m-2,7,,19.93,,66.92,,,,15.5,,0.69,,0.258,1.526,,,,,,,,EA,PM,0,,Non limiting nutrition,"Itatinga, E102",-23.04472222,-48.63,TropSF,,1360,20
0.45 mol K m-2,7,,31.57,,106.02,,,,20.3,,0.43,,0.606,0.708,,,,,,,,EA,PM,0,,Non limiting nutrition,"Itatinga, E102",-23.04472222,-48.63,TropSF,,1360,20
0.45 mol K m-2,7,,39.84,,133.77,,,,25.1,,1.41,,1.329,1.445,,,,,,,,EA,PM,1,,Non limiting nutrition,"Itatinga, E102",-23.04472222,-48.63,TropSF,,1360,20
0.45 mol K m-2,7,,51.02,,171.33,,,,25.7,,3.08,,1.93,2.174,,,,,,,,EA,PM,1,,Non limiting nutrition,"Itatinga, E102",-23.04472222,-48.63,TropSF,,1360,20
0.45 mol K m-2,7,,62.86,,211.06,,,,27.1,,2.91,,2.323,4.236,,,,,,,,EA,PM,2,,Non limiting nutrition,"Itatinga, E102",-23.04472222,-48.63,TropSF,,1360,20
0.45 mol K m-2,7,,71.43,,239.85,,,,27,,3.82,,2.783,4.191,,,,,,,,EA,PM,2,,Non limiting nutrition,"Itatinga, E102",-23.04472222,-48.63,TropSF,,1360,20
0.45 mol K m-2,7,,85.03,,285.52,,,,29.5,,4.59,,4.276,5.042,,,,,,,,EA,PM,3,,Non limiting nutrition,"Itatinga, E102",-23.04472222,-48.63,TropSF,,1360,20
0.45 mol K m-2,7,,91.1,,305.9,,,,27.1,,6.28,,2.999,12.313,,,,,,,,EA,PM,3,,Non limiting nutrition,"Itatinga, E102",-23.04472222,-48.63,TropSF,,1360,20
0.45 mol Na m-2,0.5,0.75,,,,,70,0.38,0.6,0.6,0.05,,,,,,,,,,,EA,PM,0,,K-depleted but NaCl addition,"Itatinga, E102",-23.04472222,-48.63,TropSF,,1360,20
0.45 mol Na m-2,0.5,0.31,,,,,57,0.25,0.7,0.7,0.02,,,,,,,,,,,EA,PM,0,,K-depleted but NaCl addition,"Itatinga, E102",-23.04472222,-48.63,TropSF,,1360,20
0.45 mol Na m-2,0.5,0.4,,,,,70,0.38,0.7,0.7,0.03,,,,,,,,,,,EA,PM,1,,K-depleted but NaCl addition,"Itatinga, E102",-23.04472222,-48.63,TropSF,,1360,20
0.45 mol Na m-2,0.5,1.18,,,,,82,0.53,0.8,0.8,0.09,,,,,,,,,,,EA,PM,1,,K-depleted but NaCl addition,"Itatinga, E102",-23.04472222,-48.63,TropSF,,1360,20
0.45 mol Na m-2,0.5,1.14,,,,,87,0.59,0.9,0.9,0.08,,,,,,,,,,,EA,PM,2,,K-depleted but NaCl addition,"Itatinga, E102",-23.04472222,-48.63,TropSF,,1360,20
0.45 mol Na m-2,0.5,1.34,,,,,95,0.71,1,1,0.09,,,,,,,,,,,EA,PM,2,,K-depleted but NaCl addition,"Itatinga, E102",-23.04472222,-48.63,TropSF,,1360,20
0.45 mol Na m-2,0.5,2.17,,,,,95,0.71,1,1,0.13,,,,,,,,,,,EA,PM,3,,K-depleted but NaCl addition,"Itatinga, E102",-23.04472222,-48.63,TropSF,,1360,20
0.45 mol Na m-2,0.5,1.78,,,,,113,0.99,1.1,1.1,0.13,,,,,,,,,,,EA,PM,3,,K-depleted but NaCl addition,"Itatinga, E102",-23.04472222,-48.63,TropSF,,1360,20
0.45 mol Na m-2,0.8,12.85,,,,,211,3.5,2,2,0.83,,,,,,,,,,,EA,PM,0,,K-depleted but NaCl addition,"Itatinga, E102",-23.04472222,-48.63,TropSF,,1360,20
0.45 mol Na m-2,0.8,6.36,,,,,202,3.19,2.2,2.2,0.47,,,,,,,,,,,EA,PM,0,,K-depleted but NaCl addition,"Itatinga, E102",-23.04472222,-48.63,TropSF,,1360,20
0.45 mol Na m-2,0.8,8.4,,,,,198,3.08,2.4,2.4,0.93,,,,,,,,,,,EA,PM,1,,K-depleted but NaCl addition,"Itatinga, E102",-23.04472222,-48.63,TropSF,,1360,20
0.45 mol Na m-2,0.8,6.55,,,,,206,3.33,2.7,2.7,0.55,,,,,,,,,,,EA,PM,1,,K-depleted but NaCl addition,"Itatinga, E102",-23.04472222,-48.63,TropSF,,1360,20
0.45 mol Na m-2,0.8,14.45,,,,,247,4.79,3,3,1.08,,,,,,,,,,,EA,PM,2,,K-depleted but NaCl addition,"Itatinga, E102",-23.04472222,-48.63,TropSF,,1360,20
0.45 mol Na m-2,0.8,23.36,,,,,246,4.75,3.2,3.2,1.63,,,,,,,,,,,EA,PM,2,,K-depleted but NaCl addition,"Itatinga, E102",-23.04472222,-48.63,TropSF,,1360,20
0.45 mol Na m-2,0.8,21.97,,,,,268,5.62,3.4,3.4,1.56,,,,,,,,,,,EA,PM,3,,K-depleted but NaCl addition,"Itatinga, E102",-23.04472222,-48.63,TropSF,,1360,20
0.45 mol Na m-2,0.8,16.27,,,,,260,5.31,3.6,3.6,1.41,,,,,,,,,,,EA,PM,3,,K-depleted but NaCl addition,"Itatinga, E102",-23.04472222,-48.63,TropSF,,1360,20
0.45 mol Na m-2,1,6.88,0.97,0,1.61,0.97,,,2.5,2.1,0.36,0.29,0.717,1.449,0,,,0.002,0.005,0.006,,EA,PM,0,,K-depleted but NaCl addition,"Itatinga, E102",-23.04472222,-48.63,TropSF,2,1360,20
0.45 mol Na m-2,1,6.7,3.9,0,4.6,3.9,,,2.9,2.2,0.5,0.53,1.698,1.163,0,,,0.002,0.004,0.006,,EA,PM,0,,K-depleted but NaCl addition,"Itatinga, E102",-23.04472222,-48.63,TropSF,2,1360,20
0.45 mol Na m-2,1,12.05,6.74,0,8.94,6.74,,,4.1,3.3,0.99,0.94,2.91,1.543,0,,,0.002,0.003,0.003,,EA,PM,1,,K-depleted but NaCl addition,"Itatinga, E102",-23.04472222,-48.63,TropSF,2,1360,20
0.45 mol Na m-2,1,17.9,8.12,0,9.8,8.12,,,4.5,3.6,1.21,0.92,3.186,1.584,0,,,0.001,0.003,0.004,,EA,PM,1,,K-depleted but NaCl addition,"Itatinga, E102",-23.04472222,-48.63,TropSF,2,1360,20
0.45 mol Na m-2,1,12.26,10.52,0,12.43,10.52,,,5.8,4.5,0.92,1.4,5.408,1.519,0,,,0.002,0.002,0.005,,EA,PM,2,,K-depleted but NaCl addition,"Itatinga, E102",-23.04472222,-48.63,TropSF,2,1360,20
0.45 mol Na m-2,1,26.89,13.45,0,15.82,13.45,,,5.3,4.5,2,1.91,5.124,2.433,0,,,0.001,0.002,0.004,,EA,PM,2,,K-depleted but NaCl addition,"Itatinga, E102",-23.04472222,-48.63,TropSF,2,1360,20
0.45 mol Na m-2,1,28.49,13.45,0,17.9,13.45,,,5.5,4.4,1.97,1.86,5.461,3.16,0,,,0.001,0.003,0.004,,EA,PM,3,,K-depleted but NaCl addition,"Itatinga, E102",-23.04472222,-48.63,TropSF,2,1360,20
0.45 mol Na m-2,1,34.8,20.88,0,27.24,20.88,,,6.5,5.4,2.4,3,8.327,3.178,0,,,0.001,0.002,0.004,,EA,PM,3,,K-depleted but NaCl addition,"Itatinga, E102",-23.04472222,-48.63,TropSF,2,1360,20
0.45 mol Na m-2,2,2.31,7.64,0,9.8,7.64,,,7.2,3,0.18,1.05,0.982,0.15,0.254,,,0.002,0.001,0.003,,EA,PM,0,,K-depleted but NaCl addition,"Itatinga, E102",-23.04472222,-48.63,TropSF,2.8,1360,20
0.45 mol Na m-2,2,4.81,15.6,0,18.14,15.6,,,8.8,6.5,0.35,2.49,3.164,0.983,0.704,,,0.002,0.001,0.003,,EA,PM,0,,K-depleted but NaCl addition,"Itatinga, E102",-23.04472222,-48.63,TropSF,2.8,1360,20
0.45 mol Na m-2,2,18.05,35.09,0,40.29,35.09,,,10.6,9.9,1.8,6.66,3.334,2.753,1.075,,,0.002,0.001,0.003,,EA,PM,1,,K-depleted but NaCl addition,"Itatinga, E102",-23.04472222,-48.63,TropSF,2.8,1360,20
0.45 mol Na m-2,2,23.56,45.84,0,55.88,45.84,,,10.7,10,2.61,9.34,5.113,3.288,1.834,,,0.002,0.001,0.003,,EA,PM,1,,K-depleted but NaCl addition,"Itatinga, E102",-23.04472222,-48.63,TropSF,2.8,1360,20
0.45 mol Na m-2,2,31.26,59.74,0,71.62,59.74,,,12.8,9.6,3.67,13.77,8.494,3.459,1.209,,,0.002,0.001,0.003,,EA,PM,2,,K-depleted but NaCl addition,"Itatinga, E102",-23.04472222,-48.63,TropSF,2.8,1360,20
0.45 mol Na m-2,2,39.17,66,0,84.05,66,,,13.2,9.3,4.04,16.51,7.517,2.177,1.493,,,0.002,0.001,0.003,,EA,PM,2,,K-depleted but NaCl addition,"Itatinga, E102",-23.04472222,-48.63,TropSF,2.8,1360,20
0.45 mol Na m-2,2,35,85.09,0,103.13,85.09,,,14.9,12.5,4.07,23.51,9.07,4.134,2.497,,,0.003,0.001,0.003,,EA,PM,3,,K-depleted but NaCl addition,"Itatinga, E102",-23.04472222,-48.63,TropSF,2.8,1360,20
0.45 mol Na m-2,2,20.41,62.84,0,76.47,62.84,,,13.8,9.4,2.07,16.09,7.612,2.951,2.46,,,0.002,0.001,0.003,,EA,PM,3,,K-depleted but NaCl addition,"Itatinga, E102",-23.04472222,-48.63,TropSF,2.8,1360,20
0.45 mol Na m-2,3,2.36,4.45,7.99,14.94,12.43,108,0.91,8.3,,0.27,2.86,2.237,0.301,1.205,,,0.003,0.002,0.004,,EA,PM,0,,K-depleted but NaCl addition,"Itatinga, E102",-23.04472222,-48.63,TropSF,3,1360,20
0.45 mol Na m-2,3,8.73,12.21,22.88,41.01,35.09,125,1.23,13.3,3.6,0.79,9.81,3.978,0.708,1.133,,,0.002,0.001,0.003,,EA,PM,0,,K-depleted but NaCl addition,"Itatinga, E102",-23.04472222,-48.63,TropSF,3,1360,20
0.45 mol Na m-2,3,8.7,18.45,33.3,61.94,51.75,137,1.47,15.9,3.7,0.92,15.04,4.041,0.683,2.449,,,0.002,0.001,0.003,,EA,PM,1,,K-depleted but NaCl addition,"Itatinga, E102",-23.04472222,-48.63,TropSF,3,1360,20
0.45 mol Na m-2,3,20.82,23.82,46.38,79.97,70.19,186,2.72,15.2,4.2,2.05,19.02,7.406,2.162,4.291,,,0.002,0.001,0.004,,EA,PM,1,,K-depleted but NaCl addition,"Itatinga, E102",-23.04472222,-48.63,TropSF,3,1360,20
0.45 mol Na m-2,3,26.97,31.75,57.56,106.6,89.31,113,1.01,17.5,,2.55,28.51,9.422,2.128,2.617,,,0.002,0.001,0.003,,EA,PM,2,,K-depleted but NaCl addition,"Itatinga, E102",-23.04472222,-48.63,TropSF,3,1360,20
0.45 mol Na m-2,3,32.72,32.44,60.63,108.94,93.08,209,3.41,16.8,3.9,3.41,31.29,8.701,4.16,5.594,,,0.002,0.001,0.003,,EA,PM,2,,K-depleted but NaCl addition,"Itatinga, E102",-23.04472222,-48.63,TropSF,3,1360,20
0.45 mol Na m-2,3,37.54,37.73,68.29,126.69,106.02,189,2.8,17.5,9.9,4.46,34.91,8.826,7.332,3.703,,,0.003,0.001,0.003,,EA,PM,3,,K-depleted but NaCl addition,"Itatinga, E102",-23.04472222,-48.63,TropSF,3,1360,20
0.45 mol Na m-2,3,37.87,42.81,78.23,143.74,121.04,146,1.68,15.9,6.1,4.37,40.43,10.173,9.854,4.21,,,0.003,0.002,0.003,,EA,PM,3,,K-depleted but NaCl addition,"Itatinga, E102",-23.04472222,-48.63,TropSF,3,1360,20
0.45 mol Na m-2,4,8.16,13.13,9.22,27.24,22.35,113,1,10.6,1.7,0.56,5.95,2.862,0.492,0.134,,,0.002,0.001,0.004,,EA,PM,0,,K-depleted but NaCl addition,"Itatinga, E102",-23.04472222,-48.63,TropSF,3,1360,20
0.45 mol Na m-2,4,7.92,23.18,27.95,62.39,51.12,116,1.06,17.3,2.8,0.79,19.18,3.138,0.889,1.277,,,0.002,0.001,0.004,,EA,PM,0,,K-depleted but NaCl addition,"Itatinga, E102",-23.04472222,-48.63,TropSF,3,1360,20
0.45 mol Na m-2,4,8.83,35.22,38.81,84.05,74.03,146,1.67,18.3,3.1,0.89,25.09,4.193,1.355,2.014,,,0.002,0.001,0.003,,EA,PM,1,,K-depleted but NaCl addition,"Itatinga, E102",-23.04472222,-48.63,TropSF,3,1360,20
0.45 mol Na m-2,4,24.13,,,117.95,99.72,160,2,19.4,4.8,2.56,41.62,5.856,2.89,2.584,,,0.002,0.001,0.004,,EA,PM,1,,K-depleted but NaCl addition,"Itatinga, E102",-23.04472222,-48.63,TropSF,3,1360,20
0.45 mol Na m-2,4,23.4,55.6,49.11,130.53,104.71,169,2.24,19.7,5.7,2.74,46.46,9.912,2.698,3.643,,,0.003,0.001,0.004,,EA,PM,2,,K-depleted but NaCl addition,"Itatinga, E102",-23.04472222,-48.63,TropSF,3,1360,20
0.45 mol Na m-2,4,30.97,56.56,60.46,143.74,117.02,170,2.28,20.5,7,3.42,47.62,6.67,4.551,2.79,,,0.002,0.001,0.003,,EA,PM,2,,K-depleted but NaCl addition,"Itatinga, E102",-23.04472222,-48.63,TropSF,3,1360,20
0.45 mol Na m-2,4,32.88,,,168.39,136.39,178,2.48,21.4,6,4.04,66.41,10.479,4.792,0.261,,,0.003,0.001,0.004,,EA,PM,3,,K-depleted but NaCl addition,"Itatinga, E102",-23.04472222,-48.63,TropSF,3,1360,20
0.45 mol Na m-2,4,41.13,,,187.19,170.59,173,2.34,21.6,6.8,4.46,62.17,11.849,5.611,2.225,,,0.002,0.001,0.003,,EA,PM,3,,K-depleted but NaCl addition,"Itatinga, E102",-23.04472222,-48.63,TropSF,3,1360,20
0.45 mol Na m-2,5,8.68,19.39,33.58,65.09,52.97,98,0.75,17.3,2.9,0.89,20.5,,0.762,0.652,0.23,3.382,0.002,0.001,0.004,0.008,EA,PM,0,,K-depleted but NaCl addition,"Itatinga, E102",-23.04472222,-48.63,TropSF,2.6,1360,20
0.45 mol Na m-2,5,6.88,22.19,44.27,74.51,66.46,80,0.5,18.7,1.9,0.83,21.34,,0.625,0.729,0.23,,0.003,0.002,0.004,0.008,EA,PM,0,,K-depleted but NaCl addition,"Itatinga, E102",-23.04472222,-48.63,TropSF,2.6,1360,20
0.45 mol Na m-2,5,13.22,25.81,45.81,86.66,71.62,133,1.38,18.1,3.1,1.48,27.1,,1.99,2.008,0.23,3.887,0.002,0.001,0.004,0.008,EA,PM,1,,K-depleted but NaCl addition,"Itatinga, E102",-23.04472222,-48.63,TropSF,2.6,1360,20
0.45 mol Na m-2,5,15.49,31.57,51.96,106.02,83.54,85,0.57,20.1,3.1,2.12,35.77,,1.28,0.818,0.23,7.359,0.003,0.001,0.003,0.008,EA,PM,1,,K-depleted but NaCl addition,"Itatinga, E102",-23.04472222,-48.63,TropSF,2.6,1360,20
0.45 mol Na m-2,5,16.61,41.21,73.09,138.38,114.31,144,1.62,21.3,3.3,1.81,38.99,,1.564,0.295,0.23,8.166,0.002,0.001,0.003,0.008,EA,PM,2,,K-depleted but NaCl addition,"Itatinga, E102",-23.04472222,-48.63,TropSF,2.6,1360,20
0.45 mol Na m-2,5,13.36,38.68,75.62,129.88,114.31,138,1.48,18.9,2.7,1.8,42.35,,1.934,2.078,0.23,,0.003,0.001,0.004,0.008,EA,PM,2,,K-depleted but NaCl addition,"Itatinga, E102",-23.04472222,-48.63,TropSF,2.6,1360,20
0.45 mol Na m-2,5,26.26,50.37,96.09,169.12,146.46,144,1.62,22.4,5,3.36,59.09,,3.472,0.733,0.23,7.795,0.002,0.001,0.003,0.008,EA,PM,3,,K-depleted but NaCl addition,"Itatinga, E102",-23.04472222,-48.63,TropSF,2.6,1360,20
0.45 mol Na m-2,5,42.61,56.9,107.12,191.07,164.02,200,3.14,22.5,5,5.81,73.82,,5.978,2.509,0.23,,0.003,0.001,0.003,0.008,EA,PM,3,,K-depleted but NaCl addition,"Itatinga, E102",-23.04472222,-48.63,TropSF,2.6,1360,20
0.45 mol Na m-2,6,4.16,14.46,27.64,48.55,42.1,105,0.87,14.7,1,0.55,12.22,,0.361,0.439,,1.884,0.003,0.002,0.004,,EA,PM,0,,K-depleted but NaCl addition,"Itatinga, E102",-23.04472222,-48.63,TropSF,2.9,1360,20
0.45 mol Na m-2,6,7.29,22.48,39.91,75.49,62.39,91,0.65,17.4,1.5,0.77,20.17,,0.76,0,,,0.003,0.002,0.003,,EA,PM,0,,K-depleted but NaCl addition,"Itatinga, E102",-23.04472222,-48.63,TropSF,2.9,1360,20
0.45 mol Na m-2,6,9.11,27.4,45.18,91.99,72.58,104,0.85,19.7,0.8,1.05,29.55,,0.713,0.564,,3.701,0.003,0.001,0.004,,EA,PM,1,,K-depleted but NaCl addition,"Itatinga, E102",-23.04472222,-48.63,TropSF,2.9,1360,20
0.45 mol Na m-2,6,14.18,36.05,64.24,121.04,100.29,124,1.2,21.2,2.8,1.77,41.65,,1.511,0,,,0.003,0.001,0.004,,EA,PM,1,,K-depleted but NaCl addition,"Itatinga, E102",-23.04472222,-48.63,TropSF,2.9,1360,20
0.45 mol Na m-2,6,23.63,48.85,87.54,164.02,136.39,179,2.51,21.1,3.1,2.96,57.22,,4.113,0,,7.546,0.003,0.001,0.005,,EA,PM,2,,K-depleted but NaCl addition,"Itatinga, E102",-23.04472222,-48.63,TropSF,2.9,1360,20
0.45 mol Na m-2,6,24.14,47.35,87.72,159,135.08,149,1.74,21.2,4.5,2.68,60.12,,4.192,0,,,0.003,0.001,0.005,,EA,PM,2,,K-depleted but NaCl addition,"Itatinga, E102",-23.04472222,-48.63,TropSF,2.9,1360,20
0.45 mol Na m-2,6,25.01,52.8,88.92,177.29,141.71,151,1.8,22.3,4,2.74,68.02,,4.5,0,,7.501,0.003,0.002,0.004,,EA,PM,3,,K-depleted but NaCl addition,"Itatinga, E102",-23.04472222,-48.63,TropSF,2.9,1360,20
0.45 mol Na m-2,6,51.02,75.12,139.23,252.24,214.35,185,2.69,24.4,6.3,6.6,110.18,,8.022,0.698,,16.653,0.003,0.001,0.004,,EA,PM,3,,K-depleted but NaCl addition,"Itatinga, E102",-23.04472222,-48.63,TropSF,2.9,1360,20
0.45 mol Na m-2,7,,13.2,,44.32,,,,11.9,,0.82,,,0.85,,,,,,,,EA,PM,0,,K-depleted but NaCl addition,"Itatinga, E102",-23.04472222,-48.63,TropSF,,1360,20
0.45 mol Na m-2,7,,23.52,,78.96,,,,18.2,,0.68,,,1.085,,,,,,,,EA,PM,0,,K-depleted but NaCl addition,"Itatinga, E102",-23.04472222,-48.63,TropSF,,1360,20
0.45 mol Na m-2,7,,32.44,,108.94,,,,20.8,,1.02,,,1.592,,,,,,,,EA,PM,1,,K-depleted but NaCl addition,"Itatinga, E102",-23.04472222,-48.63,TropSF,,1360,20
0.45 mol Na m-2,7,,42.81,,143.74,,,,20.3,,1.65,,,1.939,,,,,,,,EA,PM,1,,K-depleted but NaCl addition,"Itatinga, E102",-23.04472222,-48.63,TropSF,,1360,20
0.45 mol Na m-2,7,,51.02,,171.33,,,,24,,3.34,,,4.338,,,,,,,,EA,PM,2,,K-depleted but NaCl addition,"Itatinga, E102",-23.04472222,-48.63,TropSF,,1360,20
0.45 mol Na m-2,7,,59.25,,198.94,,,,23.5,,2.8,,,4.091,,,,,,,,EA,PM,2,,K-depleted but NaCl addition,"Itatinga, E102",-23.04472222,-48.63,TropSF,,1360,20
0.45 mol Na m-2,7,,70.14,,235.5,,,,24.3,,3.7,,,6.966,,,,,,,,EA,PM,3,,K-depleted but NaCl addition,"Itatinga, E102",-23.04472222,-48.63,TropSF,,1360,20
0.45 mol Na m-2,7,,78.63,,264.02,,,,25.4,,4.6,,,9.375,,,,,,,,EA,PM,3,,K-depleted but NaCl addition,"Itatinga, E102",-23.04472222,-48.63,TropSF,,1360,20